Time,Current (mA),Voltage (V),Power (W),Energy (kWh),Cost (BDT),Duration (min)
2025-08-01 16:20:47.381755,467.0,231.2,60.9,2.0645945833333333e-06,1.23875675e-05,0
2025-08-01 16:23:25.987737,503.0,233.0,65.6,1.175570222222222e-06,7.053421333333332e-06,0
2025-08-01 16:24:26.775931,503.0,233.0,65.6,0.0011090151591111,0.0066540909546666,1
2025-08-01 16:25:26.814358,503.0,233.0,65.6,0.0022031021817777,0.0132186130906666,2
2025-08-01 16:26:26.821683,503.0,233.0,65.6,0.0032967224057777,0.0197803344346666,3
2025-08-01 16:27:26.816090,503.0,233.0,65.6,0.0043899642817777,0.0263397856906666,4
2025-08-01 16:28:26.825009,503.0,233.0,65.6,0.0054832013471111,0.0328992080826666,5
2025-08-01 16:29:26.826244,503.0,233.0,65.6,0.0065763956995555,0.0394583741973333,6
2025-08-01 16:30:56.830873,506.0,233.9,65.1,0.0082040663519722,0.0492243981118333,7
2025-08-01 16:36:16.825787,506.0,233.9,65.1,0.0054404584651666,0.0326427507909999,5
2025-08-01 16:43:05.830588,602.0,233.9,81.2,0.0067942724787777,0.0407656348726666,5
2025-08-01 16:49:22.845339,602.0,233.9,81.2,0.0068211448744444,0.0409268692466666,5
2025-08-01 16:56:27.859735,602.0,233.9,81.2,0.006803346466,0.040820078796,5
2025-08-01 17:05:59.933168,602.0,233.9,81.2,1.7844602222222226e-06,1.0706761333333335e-05,0
2025-08-01 17:11:00.471569,653.0,233.0,87.7,0.0073071508061666,0.0438429048369999,5
2025-08-01 17:16:00.495814,0.0,233.4,0.0,0.0073071508061666,0.0438429048369999,10
2025-08-01 17:22:01.387066,0.0,233.4,0.0,0.0,0.0,0
2025-08-01 17:23:01.928663,0.0,234.3,0.0,0.0,0.0,1
2025-08-01 17:24:01.929056,0.0,233.9,0.0,0.0,0.0,2
2025-08-01 17:25:01.932582,436.0,234.3,58.1,0.0009684263578888,0.0058105581473333,3
2025-08-01 17:27:02.807579,400.0,234.3,52.3,0.0028214202885833,0.0169285217315,5
2025-08-01 17:29:02.896167,400.0,234.3,52.3,0.00456592427025,0.0273955456215,7
2025-08-01 17:30:03.819827,400.0,234.3,52.3,0.0054508653451944,0.0327051920711666,8
2025-08-01 17:31:04.811658,400.0,234.3,52.3,0.0063368805168611,0.0380212831011666,9
2025-08-01 17:32:05.799412,400.0,234.3,52.3,0.0072234617052777,0.0433407702316666,10
2025-08-01 17:33:06.811625,400.0,234.3,52.3,0.0081097451614166,0.0486584709685,11
2025-08-01 17:34:07.804503,400.0,234.3,52.3,0.0089961254887777,0.0539767529326666,12
2025-08-01 17:35:08.834448,400.0,234.3,52.3,0.0098819682157222,0.0592918092943333,13
2025-08-01 17:37:03.816590,400.0,234.3,52.3,0.0115525307334166,0.0693151844005,15
2025-08-01 17:38:04.805167,400.0,234.3,52.3,0.0124384583316388,0.0746307499898333,16
2025-08-01 17:39:05.804790,400.0,234.3,52.3,0.0133256530281111,0.0799539181686666,17
2025-08-01 17:40:06.823844,400.0,234.3,52.3,0.0142110806673888,0.0852664840043333,18
2025-08-01 17:41:07.828413,400.0,234.3,52.3,0.0150977654679166,0.0905865928075,19
2025-08-01 17:42:08.812210,400.0,234.3,52.3,0.0159833407239444,0.0959000443436667,20
2025-08-01 17:43:09.812901,428.0,236.6,56.2,0.0169359340178888,0.1016156041073333,21
2025-08-01 17:44:10.828339,428.0,236.6,56.2,0.0178881126182777,0.1073286757096666,22
2025-08-01 17:45:11.809487,428.0,236.6,56.2,0.0188404474078333,0.113042684447,23
2025-08-01 17:46:12.818830,428.0,236.6,56.2,0.0197929201059444,0.1187575206356666,24
2025-08-01 17:48:03.815937,428.0,236.6,56.2,0.0215253060404444,0.1291518362426666,26
2025-08-01 17:49:04.813279,428.0,236.6,56.2,0.0224776526007777,0.1348659156046667,27
2025-08-01 17:50:05.800981,428.0,236.6,56.2,0.0234297581411666,0.140578548847,28
2025-08-01 17:51:06.812630,428.0,236.6,56.2,0.0243822110287777,0.1462932661726667,29
2025-08-01 17:52:07.833045,428.0,236.6,56.2,0.0253349494592222,0.1520096967553333,30
2025-08-01 17:53:08.826255,428.0,236.6,56.2,0.0262870455548888,0.1577222733293333,31
2025-08-01 17:54:09.809713,428.0,236.6,56.2,0.0272390238959444,0.1634341433756667,32
2025-08-01 17:55:10.805471,428.0,236.6,56.2,0.0281911691822222,0.1691470150933333,33
2025-08-01 17:56:11.814481,428.0,236.6,56.2,0.0291440048698888,0.1748640292193333,34
2025-08-01 17:58:02.810528,428.0,236.6,56.2,0.0308766929574444,0.1852601577446666,36
2025-08-01 17:59:03.814511,428.0,236.6,56.2,0.0318288358552222,0.1909730151313333,37
2025-08-01 18:00:04.809216,428.0,236.6,56.2,0.0327811429662777,0.1966868577976666,38
2025-08-01 18:01:05.825165,428.0,236.6,56.2,0.0337333368187222,0.2024000209123333,39
2025-08-01 18:02:06.829697,428.0,236.6,56.2,0.0346860118056111,0.2081160708336666,40
2025-08-01 18:03:07.833810,428.0,236.6,56.2,0.0356380364492222,0.2138282186953333,41
2025-08-01 18:04:08.818023,428.0,236.6,56.2,0.0365903348492777,0.2195420090956666,42
2025-08-01 18:05:09.822045,428.0,236.6,56.2,0.0375424712059999,0.225254827236,43
2025-08-01 18:06:10.808871,428.0,236.6,56.2,0.0384948230897222,0.2309689385383333,44
2025-08-01 18:07:11.822798,428.0,236.6,56.2,0.0394472107853333,0.2366832647119999,45
2025-08-01 18:08:12.818547,428.0,236.6,56.2,0.0403993700591666,0.2423962203549999,46
2025-08-01 18:09:13.833262,428.0,236.6,56.2,0.0413517677771111,0.2481106066626666,47
2025-08-01 18:10:14.838552,428.0,236.6,56.2,0.0423043709997222,0.2538262259983333,48
2025-08-01 18:11:15.813324,428.0,236.6,56.2,0.0432561368735555,0.2595368212413333,49
2025-08-01 18:12:16.819051,428.0,236.6,56.2,0.0442085756487222,0.2652514538923333,50
2025-08-01 18:13:21.247890,428.0,236.6,56.2,0.0452142297511666,0.2712853785069999,51
2025-08-01 18:15:01.928846,428.0,236.6,56.2,0.0467861106087777,0.2807166636526667,53
2025-08-01 18:16:01.929399,428.0,236.6,56.2,0.0477225415476666,0.286335249286,54
2025-08-01 18:17:01.935587,428.0,236.6,56.2,0.0486594855613333,0.291956913368,55
2025-08-01 18:18:01.937853,428.0,236.6,56.2,0.049596233718,0.297577402308,56
2025-08-01 18:20:01.940418,428.0,236.6,56.2,0.0514695597765555,0.3088173586593333,58
2025-08-01 18:22:01.945565,427.0,233.4,55.9,0.0533328405949444,0.3199970435696666,60
2025-08-01 18:24:01.942132,524.0,234.8,69.8,0.0554279215873333,0.3325675295239999,62
2025-08-01 18:26:01.937642,524.0,234.8,69.8,0.0577544134437777,0.3465264806626666,64
2025-08-01 18:27:01.939905,524.0,234.8,69.8,0.0589178981655555,0.3535073889933333,65
2025-08-01 18:28:01.944194,524.0,234.8,69.8,0.0600811670308333,0.3604870021849999,66
2025-08-01 18:30:01.924958,0.0,234.3,0.0,0.0612447603109999,0.3674685618659999,68
2025-08-01 18:32:01.937502,0.0,234.3,0.0,0.0612447603109999,0.3674685618659999,70
2025-08-01 18:34:01.919884,0.0,234.3,0.0,0.0612447603109999,0.3674685618659999,72
2025-08-01 18:35:01.936133,0.0,234.3,0.0,0.0612447603109999,0.3674685618659999,73
2025-08-01 18:37:01.930017,0.0,234.3,0.0,0.0612447603109999,0.3674685618659999,75
2025-08-01 18:38:01.933102,0.0,234.3,0.0,0.0612447603109999,0.3674685618659999,76
2025-08-01 18:40:01.936531,0.0,234.3,0.0,0.0612447603109999,0.3674685618659999,78
2025-08-01 18:41:01.938808,0.0,234.3,0.0,0.0612447603109999,0.3674685618659999,79
2025-08-01 18:43:01.938896,442.0,233.0,57.8,0.0631712574631111,0.3790275447786666,81
2025-08-01 18:45:01.932303,442.0,233.0,57.8,0.0650978543202222,0.3905871259213332,83
2025-08-01 18:47:01.940877,442.0,233.0,57.8,0.0670248007067777,0.4021488042406665,85
2025-08-01 18:49:01.926455,442.0,233.0,57.8,0.0689512967349999,0.4137077804099999,87
2025-08-01 18:50:01.935293,442.0,233.0,57.8,0.0699145652199444,0.4194873913196666,88
2025-08-01 18:51:01.938261,442.0,233.0,57.8,0.0708780748432777,0.4252684490596666,89
2025-08-01 18:52:01.951945,442.0,233.0,57.8,0.0718416374017777,0.4310498244106666,90
2025-08-01 18:54:01.937212,442.0,233.0,57.8,0.0737678985532777,0.4426073913196665,92
2025-08-01 18:56:01.946778,442.0,233.0,57.8,0.0756947628959444,0.4541685773756665,94
2025-08-01 18:58:01.930485,426.0,231.6,91.2,0.0787346925959444,0.4724081555756665,96
2025-08-01 19:00:01.938603,426.0,231.6,91.2,0.0817750253492777,0.4906501520956665,98
2025-08-01 19:02:01.931596,426.0,231.6,91.2,0.084814354218611,0.5088861253116665,100
2025-08-01 19:04:01.931860,426.0,231.6,91.2,0.0878545003159444,0.5271270018956665,102
2025-08-01 19:05:01.939349,426.0,231.6,91.2,0.0893747621359444,0.5362485728156665,103
2025-08-01 19:07:01.928634,426.0,231.6,91.2,0.0924145903759444,0.5544875422556665,105
2025-08-01 19:09:01.929276,426.0,231.6,91.2,0.0954544391359444,0.5727266348156665,107
2025-08-01 19:11:01.940022,426.0,231.6,91.2,0.0984951433519444,0.5909708601116666,109
2025-08-01 19:13:01.928818,426.0,231.6,91.2,0.1015346215866111,0.6092077295196666,111
2025-08-01 19:15:01.928537,426.0,231.6,91.2,0.1045747718892777,0.6274486313356665,113
2025-08-01 19:16:01.942586,426.0,231.6,91.2,0.106227121582611,0.6373627294956665,114
2025-08-01 19:18:01.932238,426.0,231.6,91.2,0.1091346897079444,0.6548081382476665,116
2025-08-01 19:19:01.936602,426.0,231.6,91.2,0.1106546421572777,0.6639278529436665,117
2025-08-01 19:21:01.934685,426.0,231.6,91.2,0.1136951544732777,0.6821709268396666,119
2025-08-01 19:22:01.936560,426.0,231.6,91.2,0.1152147696092777,0.6912886176556666,120
2025-08-01 19:23:01.940520,426.0,231.6,91.2,0.1167350721399444,0.7004104328396666,121
2025-08-01 19:25:01.939691,426.0,231.6,91.2,0.1197748100412777,0.7186488602476667,123
2025-08-01 19:27:01.938567,426.0,231.6,91.2,0.1228148634439444,0.7368891806636668,125
2025-08-01 19:28:01.939264,426.0,231.6,91.2,0.1243349345292778,0.7460096071756668,126
2025-08-01 19:29:01.941355,426.0,231.6,91.2,0.1258547509132778,0.7551285054796668,127
2025-08-01 19:31:02.767244,426.0,231.6,91.2,0.1289155894292778,0.7734935365756668,129
2025-08-01 19:32:03.823990,426.0,231.6,91.2,0.1304635858532778,0.7827815151196669,130
2025-08-01 19:33:04.824378,426.0,231.6,91.2,0.1320079308319444,0.7920475849916668,131
2025-08-01 19:35:03.812335,426.0,231.6,91.2,0.1350219336892778,0.810131602135667,133
2025-08-01 19:36:04.828606,426.0,231.6,91.2,0.1365676786892778,0.819406072135667,134
2025-08-01 19:38:03.823144,426.0,231.6,91.2,0.1395827015679445,0.837496209407667,136
2025-08-01 19:39:04.808440,426.0,231.6,91.2,0.1411278287386111,0.8467669724316669,137
2025-08-01 19:40:05.813816,0.0,232.5,0.0,0.1411278287386111,0.8467669724316669,138
2025-08-01 19:41:06.816007,0.0,232.5,0.0,0.1411278287386111,0.8467669724316669,139
2025-08-01 19:42:07.815224,0.0,232.5,0.0,0.1411278287386111,0.8467669724316669,140
2025-08-01 19:43:08.821929,0.0,232.5,0.0,0.1411278287386111,0.8467669724316669,141
2025-08-01 19:44:09.810302,0.0,232.5,0.0,0.1411278287386111,0.8467669724316669,142
2025-08-01 19:45:10.809897,846.0,232.1,119.5,0.1431520107909722,0.8589120647458335,143
2025-08-01 19:46:11.819244,846.0,232.1,119.5,0.1451781948666667,0.8710691692000001,144
2025-08-01 19:47:12.814114,846.0,232.1,119.5,0.1472012753281944,0.8832076519691667,145
2025-08-01 19:48:13.832898,846.0,232.1,119.5,0.1492269770554166,0.8953618623325001,146
2025-08-01 19:49:14.817117,846.0,232.1,119.5,0.1512515672334722,0.9075094034008336,147
2025-08-01 19:51:03.813820,846.0,232.1,119.5,0.1548695523869444,0.9292173143216668,149
2025-08-01 19:52:04.819063,846.0,232.1,119.5,0.1568946986383333,0.94136819183,150
2025-08-01 19:53:05.818270,846.0,232.1,119.5,0.1589198302177778,0.9535189813066668,151
2025-08-01 19:54:06.825044,846.0,232.1,119.5,0.1609449045368055,0.9656694272208336,152
2025-08-01 19:55:07.803436,846.0,232.1,119.5,0.1629683317475,0.9778099904850002,153
2025-08-01 19:56:08.814110,846.0,232.1,119.5,0.1649940684948611,0.9899644109691668,154
2025-08-01 19:57:09.814330,846.0,232.1,119.5,0.1670190950802778,1.002114570481667,155
2025-08-01 19:58:10.830120,846.0,232.1,119.5,0.1690445754005556,1.0142674524033335,156
2025-08-01 19:59:11.817448,846.0,232.1,119.5,0.1710687013543056,1.0264122081258336,157
2025-08-01 20:01:02.824228,846.0,232.1,119.5,0.1747539429334722,1.0485236576008337,159
2025-08-01 20:02:03.817180,846.0,232.1,119.5,0.1767784862741667,1.0606709176450002,160
2025-08-01 20:03:04.826734,846.0,232.1,119.5,0.1788029199404167,1.0728175196425005,161
2025-08-01 20:04:05.813844,846.0,232.1,119.5,0.1808275202759722,1.0849651216558334,162
2025-08-01 20:05:06.814308,846.0,232.1,119.5,0.1828521855730555,1.0971131134383334,163
2025-08-01 20:06:07.824598,846.0,232.1,119.5,0.184877773045,1.1092666382700005,164
2025-08-01 20:07:08.819655,846.0,232.1,119.5,0.1869025444979166,1.1214152669875002,165
2025-08-01 20:08:09.824206,846.0,232.1,119.5,0.1889277886397222,1.1335667318383331,166
2025-08-01 20:09:10.828524,846.0,232.1,119.5,0.1909527928188889,1.1457167569133335,167
2025-08-01 20:10:11.824643,846.0,232.1,119.5,0.1929773006747222,1.1578638040483336,168
2025-08-01 20:11:12.810954,846.0,232.1,119.5,0.195001839335,1.17001103601,169
2025-08-01 20:12:13.829502,846.0,232.1,119.5,0.1970272853986111,1.1821637123916666,170
2025-08-01 20:13:14.827948,846.0,232.1,119.5,0.1990523833520833,1.1943143001125,171
2025-08-01 20:14:15.818813,846.0,232.1,119.5,0.2010768126034722,1.2064608756208333,172
2025-08-01 20:16:03.834698,846.0,232.1,119.5,0.2046616001590277,1.2279696009541663,174
2025-08-01 20:18:03.805000,846.0,232.1,119.5,0.208644779636111,1.2518686778166666,176
2025-08-01 20:19:04.822137,846.0,232.1,119.5,0.2106693323376388,1.264015994025833,177
2025-08-01 20:20:05.837683,846.0,232.1,119.5,0.212694718584861,1.2761683115091664,178
2025-08-01 20:21:06.820418,846.0,232.1,119.5,0.2147190224940277,1.2883141349641665,179
2025-08-01 20:22:07.811688,846.0,232.1,119.5,0.2167443647918055,1.3004661887508333,180
2025-08-01 20:23:08.813003,846.0,232.1,119.5,0.2187689549698611,1.312613729819167,181
2025-08-01 20:24:09.815186,846.0,232.1,119.5,0.2207940353302777,1.3247642119816665,182
2025-08-01 20:25:10.808521,846.0,232.1,119.5,0.2228179966063888,1.3369079796383332,183
2025-08-01 20:26:11.821029,846.0,232.1,119.5,0.2248435362783332,1.3490612176699996,184
2025-08-01 20:28:03.831146,846.0,232.1,119.5,0.2285615293884721,1.371369176330833,186
2025-08-01 20:29:04.815213,846.0,232.1,119.5,0.2305861178404166,1.3835167070424998,187
2025-08-01 20:30:05.818371,846.0,232.1,119.5,0.2326111945162499,1.3956671670974998,188
2025-08-01 20:31:06.819470,846.0,232.1,119.5,0.2346357616905555,1.407814570143333,189
2025-08-01 20:32:07.821258,846.0,232.1,119.5,0.2366612414133332,1.4199674484799996,190
2025-08-01 20:33:08.828751,846.0,232.1,119.5,0.2386858752420833,1.4321152514524995,191
2025-08-01 20:34:09.821768,846.0,232.1,119.5,0.2407110474183333,1.4442662845099998,192
2025-08-01 20:35:10.820036,846.0,232.1,119.5,0.2427353161081944,1.4564118966491664,193
2025-08-01 20:36:11.819069,846.0,232.1,119.5,0.2447606093113888,1.468563655868333,194
2025-08-01 20:37:12.819752,846.0,232.1,119.5,0.2467855007954166,1.4807130047725,195
2025-08-01 20:38:13.820285,846.0,232.1,119.5,0.2488103542386111,1.4928621254316663,196
2025-08-01 20:39:14.829566,846.0,232.1,119.5,0.2508347798718055,1.505008679230833,197
2025-08-01 20:46:05.202976,687.0,229.9,93.4,1.876691388888889e-06,1.1260148333333334e-05,0
2025-08-01 20:47:08.786334,687.0,229.9,93.4,0.0016515540876111,0.0099093245256666,1
2025-08-01 20:48:08.815998,687.0,229.9,93.4,0.0032088481687777,0.0192530890126666,2
2025-08-01 20:49:08.823906,687.0,229.9,93.4,0.0047663992556111,0.0285983955336666,3
2025-08-01 20:51:08.839863,687.0,229.9,93.4,0.007879279106,0.047275674636,5
2025-08-01 20:53:08.810226,687.0,229.9,93.4,0.0109917019190555,0.0659502115143333,7
2025-08-01 20:54:09.829125,687.0,229.9,93.4,0.0125753431802777,0.0754520590816666,8
2025-08-01 20:55:10.814088,687.0,229.9,93.4,0.0141572073767777,0.0849432442606666,9
2025-08-01 20:56:11.817308,687.0,229.9,93.4,0.0157405710583888,0.0944434263503333,10
2025-08-01 20:57:12.833234,687.0,229.9,93.4,0.0173233095048333,0.103939857029,11
2025-08-01 20:58:13.813647,687.0,229.9,93.4,0.0189055853358888,0.1134335120153333,12
2025-08-01 20:59:14.817334,687.0,229.9,93.4,0.0204877917396111,0.1229267504376666,13
2025-08-01 21:00:15.813196,687.0,229.9,93.4,0.0220708521047222,0.1324251126283333,14
2025-08-01 21:01:16.831501,687.0,229.9,93.4,0.0236534213415,0.141920528049,15
2025-08-01 21:02:17.821075,687.0,229.9,93.4,0.0252358435770555,0.1514150614623333,16
2025-08-01 21:03:18.826324,687.0,229.9,93.4,0.0268185766270555,0.1609114597623333,17
2025-08-01 21:04:19.814355,687.0,229.9,93.4,0.0284007136553333,0.1704042819319999,18
2025-08-01 21:05:20.821028,687.0,229.9,93.4,0.0299838744254444,0.1799032465526666,19
2025-08-01 21:07:09.807010,687.0,229.9,93.4,0.0328114555957777,0.1968687335746666,21
2025-08-01 21:08:10.814741,687.0,229.9,93.4,0.0343942328032222,0.2063653968193333,22
2025-08-01 21:09:11.821070,687.0,229.9,93.4,0.0359768866707777,0.2158613200246666,23
2025-08-01 21:10:12.823447,687.0,229.9,93.4,0.0375592937807222,0.2253557626843333,24
2025-08-01 21:11:13.822352,687.0,229.9,93.4,0.0391422079229444,0.2348532475376666,25
2025-08-01 21:12:14.814135,687.0,229.9,93.4,0.0407245050543888,0.2443470303263333,26
2025-08-01 21:13:15.832630,687.0,229.9,93.4,0.0423074276545,0.253844565927,27
2025-08-01 21:14:16.908203,687.0,229.9,93.4,0.0438923637510555,0.2633541825063333,28
2025-08-01 21:15:17.821353,687.0,229.9,93.4,0.0454722189913888,0.2728333139483333,29
2025-08-01 21:16:18.817814,687.0,229.9,93.4,0.0470547655786666,0.282328593472,30
2025-08-01 21:17:19.803198,687.0,229.9,93.4,0.0486851842840555,0.2921111057043333,31
2025-08-01 21:18:20.815545,687.0,229.9,93.4,0.0502199719228888,0.3013198315373333,32
2025-08-01 21:19:21.828913,687.0,229.9,93.4,0.0518028533232222,0.3108171199393333,33
2025-08-01 21:20:22.830676,687.0,229.9,93.4,0.0533855479495,0.3203132876969999,34
2025-08-01 21:25:25.403943,687.0,229.9,93.4,2.1185714444444446e-06,1.2711428666666668e-05,0
2025-08-01 21:26:29.809609,687.0,229.9,93.4,0.0016730635887222,0.0100383815323333,1
2025-08-01 21:27:29.859837,687.0,229.9,93.4,0.0032310200575,0.019386120345,2
2025-08-01 21:29:29.842031,687.0,229.9,93.4,0.0063441220961111,0.0380647325766666,4
2025-08-01 21:31:29.847573,687.0,229.9,93.4,0.0094581681233333,0.05674900874,6
2025-08-01 21:33:30.830417,687.0,229.9,93.4,0.0125968636558888,0.0755811819353333,8
2025-08-01 21:34:31.835619,687.0,229.9,93.4,0.0141792589092222,0.0850755534553333,9
2025-08-01 21:35:32.837180,687.0,229.9,93.4,0.0157616569126666,0.094569941476,10
2025-08-01 21:39:40.445980,687.0,229.9,93.4,1.5269602777777778e-06,9.161761666666667e-06,0
2025-08-01 21:40:43.795598,687.0,229.9,93.4,0.0016452347214444,0.0098714083286666,1
2025-08-01 21:41:43.806821,687.0,229.9,93.4,0.0032020399573888,0.0192122397443333,2
2025-08-01 21:42:43.857090,687.0,229.9,93.4,0.0047604439937777,0.0285626639626666,3
2025-08-01 21:44:43.842402,687.0,229.9,93.4,0.0078736800354444,0.0472420802126666,5
2025-08-01 21:46:43.820640,830.0,230.8,105.4,0.0113857283378333,0.068314370027,7
2025-08-01 21:47:44.840333,830.0,230.8,105.4,0.0131726407348888,0.0790358444093333,8
2025-08-01 21:48:45.832260,830.0,230.8,105.4,0.0149585472938888,0.0897512837633333,9
2025-08-01 21:49:46.854666,830.0,230.8,105.4,0.0167446664095555,0.1004679984573333,10
2025-08-01 21:50:47.844184,830.0,230.8,105.4,0.0185306811792222,0.1111840870753333,11
2025-08-01 22:05:10.555190,830.0,230.8,105.4,4.0145688888888885e-06,2.408741333333333e-05,0
2025-08-01 22:06:15.174727,830.0,230.8,105.4,0.0018953636099444,0.0113721816596666,1
2025-08-01 22:08:15.160374,830.0,230.8,105.4,0.0054079698003888,0.0324478188023333,3
2025-08-01 22:10:15.156210,830.0,230.8,105.4,0.0089215661067222,0.0535293966403333,5
2025-08-01 22:11:15.157014,830.0,230.8,105.4,0.0106780277996666,0.064068166798,6
2025-08-01 22:13:15.160580,830.0,230.8,105.4,0.0141916645093333,0.085149987056,8
2025-08-01 22:15:15.156599,830.0,230.8,105.4,0.0177051719576111,0.1062310317456666,10
2025-08-01 22:17:15.163057,830.0,230.8,105.4,0.0212186321808333,0.127311793085,12
2025-08-01 22:19:15.151327,830.0,230.8,105.4,0.0247308196697777,0.1483849180186667,14
2025-08-01 22:21:15.156367,830.0,230.8,105.4,0.0282443323295,0.169465993977,16
2025-08-01 22:23:15.156414,830.0,230.8,105.4,0.0317577354903333,0.190546412942,18
2025-08-01 22:25:15.156591,830.0,230.8,105.4,0.0352715126747777,0.2116290760486667,20
2025-08-01 22:27:15.156146,830.0,230.8,105.4,0.0387848059853889,0.2327088359123334,22
2025-08-01 22:29:15.154030,830.0,230.8,105.4,0.0422975568080555,0.2537853408483334,24
2025-08-01 22:30:15.158468,830.0,230.8,105.4,0.0440547538416666,0.26432852305,25
2025-08-01 22:32:15.142959,830.0,230.8,105.4,0.0475674084575555,0.2854044507453334,27
2025-08-01 22:33:15.154118,830.0,230.8,105.4,0.0493248580998333,0.295949148599,28
2025-08-01 22:34:15.158704,830.0,230.8,105.4,0.0510816027332222,0.3064896163993333,29
2025-08-01 22:36:15.158086,830.0,230.8,105.4,0.0545945168673333,0.327567101204,31
2025-08-01 22:37:15.202468,830.0,230.8,105.4,0.0563529106593889,0.3381174639563334,32
2025-08-01 22:39:15.153933,830.0,230.8,105.4,0.0598642979281111,0.3591857875686667,34
2025-08-01 22:41:15.165227,830.0,230.8,105.4,0.0633785686480555,0.3802714118883334,36
2025-08-01 22:43:15.145023,830.0,230.8,105.4,0.0668910022752778,0.4013460136516668,38
2025-08-01 22:44:15.155168,830.0,230.8,105.4,0.0686475768340555,0.4118854610043335,39
2025-08-01 22:46:15.156115,787.0,229.5,104.5,0.0721312946693333,0.4327877680160001,41
2025-08-01 22:47:15.158412,787.0,229.5,104.5,0.0738729278669722,0.4432375672018335,42
2025-08-01 22:49:15.150872,787.0,229.5,104.5,0.07735621672975,0.4641373003785002,44
2025-08-01 22:51:15.145457,787.0,229.5,104.5,0.0808396399621111,0.4850378397726668,46
2025-08-01 22:52:15.147427,787.0,229.5,104.5,0.0825808398330833,0.4954850389985001,47
2025-08-01 22:53:15.149719,787.0,229.5,104.5,0.0843228749203055,0.5059372495218335,48
2025-08-01 22:54:15.153996,787.0,229.5,104.5,0.0860656311446111,0.5163937868676668,49
2025-08-01 22:56:15.154064,787.0,229.5,104.5,0.0895478223219722,0.5372869339318335,51
2025-08-01 22:58:15.146848,787.0,229.5,104.5,0.0930314871815555,0.5581889230893334,53
2025-08-01 22:59:15.171808,787.0,229.5,104.5,0.0947732068529444,0.5686392411176668,54
2025-08-01 23:01:15.156882,787.0,229.5,104.5,0.09825720425475,0.5895432255285,56
2025-08-01 23:03:15.777653,787.0,229.5,104.5,0.1017574047589166,0.6105444285535,58
2025-08-01 23:04:16.822126,787.0,229.5,104.5,0.1035293695750277,0.6211762174501667,59
2025-08-01 23:06:15.149764,787.0,229.5,104.5,0.1069641762723888,0.6417850576343334,61
2025-08-01 23:08:15.159084,787.0,229.5,104.5,0.1104482069109999,0.662689241466,63
2025-08-01 23:10:15.156835,531.0,229.0,67.6,0.11331628150225,0.6798976890135,65
2025-08-01 23:12:15.165195,531.0,229.0,67.6,0.1155707224240277,0.6934243345441666,67
2025-08-01 23:14:15.145523,531.0,229.0,67.6,0.1178228244609166,0.7069369467655,69
2025-08-01 23:15:15.150049,531.0,229.0,67.6,0.1189494989203611,0.7136969935221666,70
2025-08-01 23:16:15.150968,531.0,229.0,67.6,0.1200758007535833,0.7204548045215,71
2025-08-01 23:17:15.158608,531.0,229.0,67.6,0.12120267698025,0.7272160618815,72
2025-08-01 23:18:15.160055,531.0,229.0,67.6,0.1223294567830277,0.7339767406981668,73
2025-08-01 23:20:15.148117,531.0,229.0,67.6,0.1245828239726944,0.7474969438361667,75
2025-08-01 23:21:15.155101,531.0,229.0,67.6,0.1257094965919167,0.7542569795515002,76
2025-08-01 23:22:15.156775,531.0,229.0,67.6,0.1268362189159166,0.7610173134955001,77
2025-08-01 23:24:15.153773,531.0,229.0,67.6,0.1290892334213611,0.7745354005281668,79
2025-08-01 23:26:15.150614,531.0,229.0,67.6,0.1313428734333611,0.7880572406001669,81
2025-08-01 23:28:15.147446,531.0,229.0,67.6,0.1335959276913611,0.8015755661481668,83
2025-08-01 23:30:15.152319,531.0,229.0,67.6,0.1358493124006944,0.8150958744041669,85
2025-08-01 23:32:15.154666,759.0,229.5,100.9,0.1386577671194722,0.8319466027168335,87
2025-08-01 23:33:15.156887,759.0,229.5,100.9,0.140339912921,0.8420394775260003,88
2025-08-01 23:34:15.164872,759.0,229.5,100.9,0.1420219421830278,0.852131653098167,89
2025-08-01 23:36:15.150736,759.0,229.5,100.9,0.145384573897,0.8723074433820003,91
2025-08-01 23:37:15.158223,930.0,229.9,123.5,0.147443106477,0.8846586388620002,92
2025-08-01 23:39:15.155446,930.0,229.9,123.5,0.1515593214767222,0.9093559288603336,94
2025-08-01 23:41:15.146947,930.0,229.9,123.5,0.1556763127425555,0.9340578764553332,96
2025-08-01 23:42:15.165137,930.0,229.9,123.5,0.157734661582,0.946407969492,97
2025-08-01 23:44:15.156613,930.0,229.9,123.5,0.1618516069813055,0.9711096418878334,99
2025-08-01 23:46:15.157594,930.0,229.9,123.5,0.1659682623271389,0.9958095739628334,101
2025-08-01 23:48:15.147469,930.0,229.9,123.5,0.1700840701542222,1.0205044209253331,103
2025-08-01 23:49:15.151246,930.0,229.9,123.5,0.1721429581740833,1.0328577490445,104
2025-08-01 23:50:15.153947,930.0,229.9,123.5,0.1742015709261666,1.045209425557,105
2025-08-01 23:51:15.159287,930.0,229.9,123.5,0.17626084008075,1.0575650404845,106
2025-08-01 23:53:15.150884,930.0,229.9,123.5,0.1803760841646388,1.0822565049878332,108
2025-08-01 23:55:15.141833,930.0,229.9,123.5,0.1844921018044999,1.1069526108269998,110
2025-08-01 23:56:15.161931,930.0,229.9,123.5,0.1865514567572777,1.1193087405436666,111
2025-08-01 23:58:15.144887,930.0,229.9,123.5,0.1906671890435277,1.1440031342611667,113
2025-08-01 23:59:15.146830,930.0,229.9,123.5,0.1927258016240833,1.1563548097445,114
2025-08-02 00:00:15.153427,930.0,229.9,123.5,0.1947847046697778,1.1687082280186667,115
2025-08-02 00:02:15.157611,930.0,229.9,123.5,0.1989012619360278,1.193407571616167,117
2025-08-02 00:04:15.157601,930.0,229.9,123.5,0.2030179964933889,1.2181079789603333,119
2025-08-02 00:06:15.157052,930.0,229.9,123.5,0.2071344368806111,1.2428066212836666,121
2025-08-02 00:08:15.151215,930.0,229.9,123.5,0.2112508760671389,1.2675052564028335,123
2025-08-02 00:10:15.149460,930.0,229.9,123.5,0.2153680809536667,1.2922084857220002,125
2025-08-02 00:11:15.153567,930.0,229.9,123.5,0.2174260081778333,1.304556049067,126
2025-08-02 00:13:15.146306,930.0,229.9,123.5,0.2215428973160278,1.3292573838961668,128
2025-08-02 00:14:15.146344,930.0,229.9,123.5,0.2236020541199166,1.3416123247195002,129
2025-08-02 00:15:15.164933,930.0,229.9,123.5,0.22566024851575,1.3539614910945,130
2025-08-02 00:17:15.154115,930.0,229.9,123.5,0.2297761872528333,1.3786571235170002,132
2025-08-02 00:19:15.143834,930.0,229.9,123.5,0.2338929799924166,1.4033578799545,134
2025-08-02 00:20:15.152863,930.0,229.9,123.5,0.2359514905825555,1.4157089434953334,135
2025-08-02 00:21:15.155087,930.0,229.9,123.5,0.2380099069010278,1.428059441406167,136
2025-08-02 00:23:15.146906,930.0,229.9,123.5,0.2421261532217222,1.4527569193303334,138
2025-08-02 00:25:15.156216,930.0,229.9,123.5,0.2462430572142222,1.4774583432853334,140
2025-08-02 00:27:15.154085,930.0,229.9,123.5,0.2503593290925556,1.5021559745553337,142
2025-08-02 00:29:15.142719,930.0,229.9,123.5,0.2544754779854722,1.5268528679128333,144
2025-08-02 00:30:15.154112,930.0,229.9,123.5,0.2565349041222777,1.5392094247336665,145
2025-08-02 00:31:15.157395,930.0,229.9,123.5,0.258592742220611,1.5515564533236663,146
2025-08-02 00:32:15.160106,930.0,229.9,123.5,0.2606515013544999,1.5639090081269995,147
2025-08-02 00:34:15.150767,930.0,229.9,123.5,0.2647679461328333,1.5886076767969997,149
2025-08-02 00:36:15.158469,930.0,229.9,123.5,0.2688848460772777,1.6133090764636662,151
2025-08-02 00:37:15.163603,766.0,231.2,98.9,0.2705338099255832,1.6232028595534995,152
2025-08-02 00:39:15.159293,766.0,231.2,98.9,0.2738302851658055,1.642981710994833,154
2025-08-02 00:41:15.146525,766.0,231.2,98.9,0.2771261234900277,1.662756740940166,156
2025-08-02 00:43:15.157816,766.0,231.2,98.9,0.2804227879589165,1.6825367277534995,158
2025-08-02 00:45:15.149167,766.0,231.2,98.9,0.2837193178963332,1.7023159073779992,160
2025-08-02 00:47:15.150311,766.0,231.2,98.9,0.2870164860958887,1.7220989165753324,162
2025-08-02 00:49:15.149992,766.0,231.2,98.9,0.2903135214672498,1.7418811288034992,164
2025-08-02 00:51:15.144386,766.0,231.2,98.9,0.2936106000524165,1.7616636003144994,166
2025-08-02 00:52:15.147301,766.0,231.2,98.9,0.2952578010631665,1.7715468063789994,167
2025-08-02 00:53:15.149046,766.0,231.2,98.9,0.2969062468677776,1.781437481206666,168
2025-08-02 00:54:15.149732,766.0,231.2,98.9,0.2985555027458054,1.791333016474833,169
2025-08-02 00:55:15.156264,766.0,231.2,98.9,0.300202851557111,1.801217109342666,170
2025-08-02 00:57:15.148050,766.0,231.2,98.9,0.3034998259126665,1.8209989554759995,172
2025-08-02 00:59:15.158049,766.0,231.2,98.9,0.306796140962361,1.8407768457741664,174
2025-08-02 01:00:15.161197,766.0,231.2,98.9,0.3084456465354165,1.8506738792125,175
2025-08-02 01:02:15.144087,766.0,231.2,98.9,0.3117407879992499,1.8704447279955,177
2025-08-02 01:03:15.147629,766.0,231.2,98.9,0.3133897531936944,1.8803385191621664,178
2025-08-02 01:04:15.153890,766.0,231.2,98.9,0.3150382854533888,1.890229712720333,179
2025-08-02 01:05:15.155837,766.0,231.2,98.9,0.3166865499138611,1.9001192994831664,180
2025-08-02 01:07:15.149041,766.0,231.2,98.9,0.3199840108848888,1.919904065309333,182
2025-08-02 01:08:15.159450,766.0,231.2,98.9,0.3216311819509166,1.9297870917055,183
2025-08-02 01:10:15.149229,766.0,231.2,98.9,0.3249280389726111,1.9495682338356664,185
2025-08-02 01:11:15.150030,766.0,231.2,98.9,0.3265758935475277,1.9594553612851664,186
2025-08-02 01:12:15.157558,766.0,231.2,98.9,0.3282249482464722,1.9693496894788327,187
2025-08-02 01:13:15.157559,766.0,231.2,98.9,0.3298730083410833,1.9792380500465,188
2025-08-02 01:14:15.163657,766.0,231.2,98.9,0.3315213643664721,1.989128186198833,189
2025-08-02 01:16:15.153739,766.0,231.2,98.9,0.334817786777611,2.0089067206656663,191
2025-08-02 01:18:15.151603,766.0,231.2,98.9,0.3381146151732499,2.0286876910394995,193
2025-08-02 01:19:15.156489,766.0,231.2,98.9,0.3397633195738888,2.038579917443333,194
2025-08-02 01:21:15.154728,766.0,231.2,98.9,0.3430596760791666,2.0583580564749995,196
2025-08-02 01:23:15.149914,766.0,231.2,98.9,0.3463558777784721,2.078135266670833,198
2025-08-02 01:24:15.154312,766.0,231.2,98.9,0.3480043065503055,2.088025839301833,199
2025-08-02 01:26:15.155066,766.0,231.2,98.9,0.3513010779685555,2.1078064678113333,201
2025-08-02 01:28:15.147584,766.0,231.2,98.9,0.3545977365309166,2.1275864191855,203
2025-08-02 01:29:15.156636,766.0,231.2,98.9,0.3562464594478333,2.137478756687,204
2025-08-02 01:31:15.152006,766.0,231.2,98.9,0.359542503676361,2.157255022058166,206
2025-08-02 01:33:15.151159,766.0,231.2,98.9,0.3628399492629443,2.177039695577666,208
2025-08-02 01:34:15.158572,766.0,231.2,98.9,0.3644878104586666,2.186926862752,209
2025-08-02 01:36:15.150135,766.0,231.2,98.9,0.3677846364916943,2.206707818950166,211
2025-08-02 01:37:15.160029,722.0,234.8,91.0,0.3693012604136388,2.215807562481833,212
2025-08-02 01:39:15.150103,722.0,234.8,91.0,0.372334216450861,2.234005298705166,214
2025-08-02 01:41:15.162283,722.0,234.8,91.0,0.3753678827178055,2.252207296306833,216
2025-08-02 01:43:15.152631,722.0,234.8,91.0,0.3784013447403055,2.2704080684418333,218
2025-08-02 01:45:15.145571,722.0,234.8,91.0,0.38143417608225,2.2886050564935,220
2025-08-02 01:46:15.155609,722.0,234.8,91.0,0.3829515770936388,2.297709462561833,221
2025-08-02 01:48:15.147707,722.0,234.8,91.0,0.3859844095225277,2.315906457135166,223
2025-08-02 01:49:15.156686,722.0,234.8,91.0,0.3875014133441944,2.3250084800651667,224
2025-08-02 01:50:15.157022,722.0,234.8,91.0,0.3890177931080833,2.3341067586485,225
2025-08-02 01:52:15.147544,722.0,234.8,91.0,0.3920513181228056,2.352307908736833,227
2025-08-02 01:54:15.165640,722.0,234.8,91.0,0.3950849493294722,2.3705096959768337,229
2025-08-02 01:56:15.149939,722.0,234.8,91.0,0.3981175421755833,2.3887052530535,231
2025-08-02 01:58:15.164624,722.0,234.8,91.0,0.40115155922225,2.4069093553335,233
2025-08-02 02:00:15.163085,722.0,234.8,91.0,0.4041845595714166,2.4251073574285,235
2025-08-02 02:02:15.161363,722.0,234.8,91.0,0.4072182936839166,2.4433097621035,237
2025-08-02 02:04:15.152015,722.0,234.8,91.0,0.4102516820216944,2.4615100921301667,239
2025-08-02 02:05:15.152526,722.0,234.8,91.0,0.4117681961369722,2.470609176821833,240
2025-08-02 02:06:15.153371,722.0,234.8,91.0,0.4132844468325277,2.4797066809951662,241
2025-08-02 02:08:15.156544,722.0,234.8,91.0,0.4163180265230833,2.4979081591385,243
2025-08-02 02:10:15.154936,722.0,234.8,91.0,0.4193514665033611,2.5161087990201665,245
2025-08-02 02:12:15.148444,722.0,234.8,91.0,0.4223847308030833,2.5343083848185,247
2025-08-02 02:14:15.142279,722.0,234.8,91.0,0.4254189629130833,2.5525137774785,249
2025-08-02 02:15:15.153210,722.0,234.8,91.0,0.4269344603814166,2.5616067622885,250
2025-08-02 02:17:15.146999,722.0,234.8,91.0,0.4299679798350277,2.5798078790101666,252
2025-08-02 02:18:15.148558,722.0,234.8,91.0,0.4314841887464166,2.5889051324785,253
2025-08-02 02:20:15.151976,722.0,234.8,91.0,0.4345177935630833,2.6071067613785,255
2025-08-02 02:22:15.148688,722.0,234.8,91.0,0.4375509176722499,2.6253055060334995,257
2025-08-02 02:23:15.150272,722.0,234.8,91.0,0.4390677916166943,2.634406749700166,258
2025-08-02 02:24:15.157427,722.0,234.8,91.0,0.4405848948053054,2.6435093688318325,259
2025-08-02 02:26:15.145279,722.0,234.8,91.0,0.4436174420755832,2.661704652453499,261
2025-08-02 02:27:15.158746,722.0,234.8,91.0,0.4451349598703054,2.6708097592218323,262
2025-08-02 02:29:15.157205,722.0,234.8,91.0,0.4481679425755832,2.689007655453499,264
2025-08-02 02:31:15.153796,722.0,234.8,91.0,0.4512023227375276,2.7072139364251653,266
2025-08-02 02:33:15.159365,722.0,234.8,91.0,0.4542344596230831,2.7254067577384986,268
2025-08-02 02:35:15.144301,722.0,234.8,91.0,0.4572679428536387,2.7436076571218324,270
2025-08-02 02:37:15.155656,420.0,236.1,91.4,0.4603078443583053,2.761847066149832,272
2025-08-02 02:39:15.145526,420.0,236.1,91.4,0.4633540896201942,2.7801245377211656,274
2025-08-02 02:40:15.149701,420.0,236.1,91.4,0.4648779990781942,2.7892679944691654,275
2025-08-02 02:41:15.158947,420.0,236.1,91.4,0.4664018461556942,2.798411076934165,276
2025-08-02 02:43:15.150991,420.0,236.1,91.4,0.469447565207472,2.816685391244832,278
2025-08-02 02:44:15.151755,420.0,236.1,91.4,0.4709711305190831,2.8258267831144988,279
2025-08-02 02:46:15.154343,420.0,236.1,91.4,0.474017829353472,2.844106976120832,281
2025-08-02 02:48:15.149431,420.0,236.1,91.4,0.4770645813521942,2.862387488113165,283
2025-08-02 02:49:15.159987,420.0,236.1,91.4,0.4785882739890831,2.871529643934499,284
2025-08-02 02:51:15.145925,420.0,236.1,91.4,0.4816341838383609,2.8898051030301657,286
2025-08-02 02:52:15.146833,420.0,236.1,91.4,0.4831575595965276,2.8989453575791657,287
2025-08-02 02:53:15.149284,420.0,236.1,91.4,0.4846813493713054,2.9080880962278326,288
2025-08-02 02:55:15.142530,420.0,236.1,91.4,0.4877280164695832,2.926368098817499,290
2025-08-02 02:56:15.158925,420.0,236.1,91.4,0.4892512591391943,2.9355075548351657,291
2025-08-02 02:58:15.147723,420.0,236.1,91.4,0.4922977347290832,2.9537864083745,293
2025-08-02 03:00:15.154331,420.0,236.1,91.4,0.4953444537476388,2.972066722485833,295
2025-08-02 03:02:15.156947,420.0,236.1,91.4,0.4983916747045277,2.9903500482271665,297
2025-08-02 03:04:15.146697,420.0,236.1,91.4,0.5014377374964721,3.008626424978833,299
2025-08-02 03:05:15.151741,420.0,236.1,91.4,0.5029612962069722,3.0177677772418328,300
2025-08-02 03:07:15.161123,420.0,236.1,91.4,0.506008196121361,3.0360491767281665,302
2025-08-02 03:09:15.152707,420.0,236.1,91.4,0.509054544639861,3.0543272678391657,304
2025-08-02 03:10:15.154222,420.0,236.1,91.4,0.5105777761637499,3.0634666569824995,305
2025-08-02 03:12:15.145037,420.0,236.1,91.4,0.5136248512106943,3.081749107264166,307
2025-08-02 03:13:15.153901,420.0,236.1,91.4,0.5151482452996388,3.090889471797833,308
2025-08-02 03:14:15.162695,420.0,236.1,91.4,0.516671570889361,3.100029425336166,309
2025-08-02 03:16:15.150394,420.0,236.1,91.4,0.5197179120196944,3.1183074721181665,311
2025-08-02 03:17:15.155586,420.0,236.1,91.4,0.5212410908108611,3.1274465448651667,312
2025-08-02 03:19:15.155774,420.0,236.1,91.4,0.5242881636489722,3.145728981893833,314
2025-08-02 03:21:15.155358,420.0,236.1,91.4,0.5273346838471389,3.1640081030828333,316
2025-08-02 03:23:15.155510,420.0,236.1,91.4,0.5303815815273055,3.182289489163833,318
2025-08-02 03:24:15.158562,420.0,236.1,91.4,0.5319045851605277,3.1914275109631665,319
2025-08-02 03:26:15.161307,420.0,236.1,91.4,0.5349515691121388,3.209709414672833,321
2025-08-02 03:28:15.149654,420.0,236.1,91.4,0.5379980670950277,3.2279884025701664,323
2025-08-02 03:29:15.152348,420.0,236.1,91.4,0.5395241678934166,3.2371450073605,324
2025-08-02 03:31:15.157706,0.0,237.0,0.0,0.5410442321026389,3.2462653926158334,326
2025-08-02 03:33:15.153314,0.0,237.0,0.0,0.5410442321026389,3.2462653926158334,328
2025-08-02 03:35:15.152198,0.0,237.0,0.0,0.5410442321026389,3.2462653926158334,330
2025-08-02 03:36:15.158910,0.0,237.0,0.0,0.5410442321026389,3.2462653926158334,331
2025-08-02 03:37:15.159238,974.0,236.1,123.2,0.5430967039941944,3.2585802239651667,332
2025-08-02 03:39:15.149856,974.0,236.1,123.2,0.5472035284595278,3.283221170757167,334
2025-08-02 03:40:15.152092,974.0,236.1,123.2,0.5492571094590833,3.2955426567545,335
2025-08-02 03:41:15.152345,974.0,236.1,123.2,0.5513098612541945,3.3078591675251667,336
2025-08-02 03:43:15.147956,974.0,236.1,123.2,0.5554166761030833,3.3325000566185,338
2025-08-02 03:45:15.148100,974.0,236.1,123.2,0.5595229455866388,3.357137673519833,340
2025-08-02 03:46:15.149025,974.0,236.1,123.2,0.5615772505573056,3.3694635033438334,341
2025-08-02 03:48:15.147615,974.0,236.1,123.2,0.5656834001261944,3.394100400757167,343
2025-08-02 03:49:15.149475,974.0,236.1,123.2,0.5677363611559723,3.406418166935833,344
2025-08-02 03:51:15.146799,974.0,236.1,123.2,0.5718429589675278,3.4310577538051668,346
2025-08-02 03:53:15.143500,974.0,236.1,123.2,0.5759501775701945,3.455701065421167,348
2025-08-02 03:54:15.152827,974.0,236.1,123.2,0.5780035245239723,3.468021147143834,349
2025-08-02 03:56:15.156898,974.0,236.1,123.2,0.5821100494421945,3.492660296653167,351
2025-08-02 03:57:15.160336,974.0,236.1,123.2,0.5841635909835278,3.504981545901167,352
2025-08-02 03:59:15.151727,974.0,236.1,123.2,0.5882698817875278,3.529619290725167,354
2025-08-02 04:01:15.156618,974.0,236.1,123.2,0.5923773098986389,3.554263859391833,356
2025-08-02 04:03:15.163016,974.0,236.1,123.2,0.5964845165235277,3.5789070991411664,358
2025-08-02 04:05:15.156565,974.0,236.1,123.2,0.6005900146039721,3.603540087623832,360
2025-08-02 04:07:15.160135,974.0,236.1,123.2,0.6046969427284166,3.6281816563704994,362
2025-08-02 04:09:15.151792,974.0,236.1,123.2,0.6088032550924166,3.6528195305545,364
2025-08-02 04:11:15.161184,974.0,236.1,123.2,0.6129100737741944,3.6774604426451662,366
2025-08-02 04:13:15.156876,974.0,236.1,123.2,0.6170167874964166,3.7021007249785,368
2025-08-02 04:15:15.153062,974.0,236.1,123.2,0.6211236966959721,3.7267421801758327,370
2025-08-02 04:17:15.145811,974.0,236.1,123.2,0.6252295103395277,3.7513770620371663,372
2025-08-02 04:19:15.163012,974.0,236.1,123.2,0.6293374090746388,3.7760244544478327,374
2025-08-02 04:21:15.146298,974.0,236.1,123.2,0.6334433945137499,3.800660367082499,376
2025-08-02 04:22:15.151010,974.0,236.1,123.2,0.635496715800861,3.8129802948051656,377
2025-08-02 04:24:15.146730,974.0,236.1,123.2,0.6396033167266388,3.837619900359833,379
2025-08-02 04:25:15.157427,974.0,236.1,123.2,0.64165700761375,3.8499420456825,380
2025-08-02 04:27:15.148584,974.0,236.1,123.2,0.6457633496484166,3.8745800978905,382
2025-08-02 04:29:15.154772,974.0,236.1,123.2,0.6498700139195278,3.899220083517167,384
2025-08-02 04:31:15.154228,974.0,236.1,123.2,0.6539773002479723,3.9238638014878338,386
2025-08-02 04:33:15.146110,974.0,236.1,123.2,0.6580828587648612,3.948497152589167,388
2025-08-02 04:34:15.149124,974.0,236.1,123.2,0.66013690135375,3.960821408122501,389
2025-08-02 04:35:15.156968,974.0,236.1,123.2,0.6621902912221945,3.973141747333167,390
2025-08-02 04:37:15.151365,733.0,238.9,91.8,0.665773381610639,3.994640289663834,392
2025-08-02 04:38:15.159946,733.0,238.9,91.8,0.667303709744639,4.003822258467834,393
2025-08-02 04:40:15.150055,733.0,238.9,91.8,0.670363402214639,4.022180413287834,395
2025-08-02 04:41:15.151885,733.0,238.9,91.8,0.671893087340639,4.031358524043834,396
2025-08-02 04:42:15.151949,733.0,238.9,91.8,0.673423448701139,4.040540692206834,397
2025-08-02 04:43:15.155407,733.0,238.9,91.8,0.674953775993639,4.049722655961834,398
2025-08-02 04:45:15.150138,733.0,238.9,91.8,0.678013358992139,4.068080153952834,400
2025-08-02 04:47:15.154010,733.0,238.9,91.8,0.6810758820641389,4.086455292384834,402
2025-08-02 04:49:15.155446,733.0,238.9,91.8,0.6841332647186389,4.104799588311833,404
2025-08-02 04:50:15.160913,733.0,238.9,91.8,0.6856636380131389,4.113981828078833,405
2025-08-02 04:52:15.156282,733.0,238.9,91.8,0.6887236715966388,4.132342029579833,407
2025-08-02 04:54:15.154440,733.0,238.9,91.8,0.6917832810131388,4.150699686078832,409
2025-08-02 04:56:15.157989,733.0,238.9,91.8,0.6948433541471388,4.169060124882833,411
2025-08-02 04:58:15.151348,733.0,238.9,91.8,0.6979035358856388,4.187421215313833,413
2025-08-02 04:59:15.152486,733.0,238.9,91.8,0.6994332531671388,4.196599519002833,414
2025-08-02 05:01:15.148710,733.0,238.9,91.8,0.7024930768091388,4.214958460854833,416
2025-08-02 05:02:15.148743,733.0,238.9,91.8,0.7040230236671388,4.2241381420028326,417
2025-08-02 05:03:15.157391,733.0,238.9,91.8,0.7055533170701388,4.233319902420833,418
2025-08-02 05:05:15.146133,733.0,238.9,91.8,0.7086130734431387,4.251678440658832,420
2025-08-02 05:06:15.153835,733.0,238.9,91.8,0.7101437947361388,4.260862768416833,421
2025-08-02 05:07:15.157583,733.0,238.9,91.8,0.7116734285306388,4.2700405711838325,422
2025-08-02 05:09:15.146146,733.0,238.9,91.8,0.7147336021601388,4.288401612960833,424
2025-08-02 05:11:15.161734,733.0,238.9,91.8,0.7177936872791388,4.306762123674833,426
2025-08-02 05:13:15.145588,733.0,238.9,91.8,0.7208532146876389,4.325119288125833,428
2025-08-02 05:15:15.152530,0.0,238.9,0.0,0.7223828681681389,4.334297209008834,430
2025-08-02 05:17:15.148529,0.0,238.9,0.0,0.7223828681681389,4.334297209008834,432
2025-08-02 05:19:15.160807,0.0,238.9,0.0,0.7223828681681389,4.334297209008834,434
2025-08-02 05:21:15.146164,0.0,238.9,0.0,0.7223828681681389,4.334297209008834,436
2025-08-02 05:22:15.153081,0.0,238.9,0.0,0.7223828681681389,4.334297209008834,437
2025-08-02 05:23:15.153349,0.0,238.9,0.0,0.7223828681681389,4.334297209008834,438
2025-08-02 05:24:15.160016,0.0,238.9,0.0,0.7223828681681389,4.334297209008834,439
2025-08-02 05:26:15.158218,0.0,238.9,0.0,0.7223828681681389,4.334297209008834,441
2025-08-02 05:28:15.153831,475.0,240.3,59.5,0.7243660648993889,4.346196389396334,443
2025-08-02 05:30:15.150511,475.0,240.3,59.5,0.7263490516286945,4.358094309772167,445
2025-08-02 05:31:15.156154,475.0,240.3,59.5,0.7273411989727222,4.364047193836333,446
2025-08-02 05:32:15.163039,475.0,240.3,59.5,0.7283326561993889,4.369995937196333,447
2025-08-02 05:34:15.151228,475.0,240.3,59.5,0.7303160416282778,4.3818962497696665,449
2025-08-02 05:36:15.154261,475.0,240.3,59.5,0.7322995007049445,4.393797004229668,451
2025-08-02 05:38:15.151863,475.0,240.3,59.5,0.7342827487714723,4.405696492628834,453
2025-08-02 05:39:15.158147,475.0,240.3,59.5,0.7352744399157778,4.411646639494666,454
2025-08-02 05:41:15.158772,475.0,240.3,59.5,0.7372578598546667,4.423547159128001,456
2025-08-02 05:43:15.145554,475.0,240.3,59.5,0.7392406968092501,4.435444180855501,458
2025-08-02 05:45:15.156367,475.0,240.3,59.5,0.7412242995453612,4.447345797272167,460
2025-08-02 05:47:15.142159,475.0,240.3,59.5,0.7432073290320279,4.459243974192168,462
2025-08-02 05:48:15.154693,475.0,240.3,59.5,0.7441993834899445,4.465196300939667,463
2025-08-02 05:49:15.156023,475.0,240.3,59.5,0.7451910969136946,4.471146581482167,464
2025-08-02 05:51:15.151704,475.0,240.3,59.5,0.747174410231889,4.483046461391334,466
2025-08-02 05:52:15.160899,475.0,240.3,59.5,0.748165879490778,4.488995276944667,467
2025-08-02 05:54:15.153156,475.0,240.3,59.5,0.7501493640367501,4.500896184220501,469
2025-08-02 05:56:15.144403,475.0,240.3,59.5,0.7521325708995279,4.512795425397167,471
2025-08-02 05:57:15.148776,475.0,240.3,59.5,0.7531243612435556,4.518746167461334,472
2025-08-02 05:59:15.157136,475.0,240.3,59.5,0.7551074702453612,4.530644821472167,474
2025-08-02 06:00:15.158131,475.0,240.3,59.5,0.7560995226042501,4.536597135625501,475
2025-08-02 06:02:15.151161,475.0,240.3,59.5,0.7580826443489723,4.548495866093834,477
2025-08-02 06:03:15.152190,475.0,240.3,59.5,0.7590744179834168,4.554446507900501,478
2025-08-02 06:05:15.145607,475.0,240.3,59.5,0.7610573434773057,4.566344060863834,480
2025-08-02 06:06:15.147662,475.0,240.3,59.5,0.762049277844389,4.572295667066334,481
2025-08-02 06:07:15.149210,475.0,240.3,59.5,0.7630410239766112,4.578246143859667,482
2025-08-02 06:08:15.159629,475.0,240.3,59.5,0.7640327060141112,4.584196236084667,483
2025-08-02 06:10:15.150824,475.0,240.3,59.5,0.7660160034821668,4.596096020893,485
2025-08-02 06:11:15.153830,475.0,240.3,59.5,0.7670074893514723,4.602044936108834,486
2025-08-02 06:13:15.157390,475.0,240.3,59.5,0.7689909501139723,4.613945700683834,488
2025-08-02 06:15:15.154736,475.0,240.3,59.5,0.770974179966889,4.6258450798013335,490
2025-08-02 06:17:15.155440,475.0,240.3,59.5,0.7729575339930002,4.637745203958001,492
2025-08-02 06:18:15.156337,475.0,240.3,59.5,0.7739494282802224,4.643696569681334,493
2025-08-02 06:20:15.145280,475.0,240.3,59.5,0.7759325223078612,4.655595133847168,495
2025-08-02 06:21:15.157664,475.0,240.3,59.5,0.7769241686784168,4.661545012070501,496
2025-08-02 06:23:15.149252,475.0,240.3,59.5,0.778907401324528,4.673444407947168,498
2025-08-02 06:25:15.152727,475.0,240.3,59.5,0.780890873392028,4.685345240352168,500
2025-08-02 06:27:15.153605,576.0,240.3,72.2,0.7832975592719169,4.6997853556315015,502
2025-08-02 06:28:15.157507,576.0,240.3,72.2,0.7845009665099725,4.707005799059835,503
2025-08-02 06:30:15.147260,576.0,240.3,72.2,0.7869076865043614,4.721446119026169,505
2025-08-02 06:31:15.152901,576.0,240.3,72.2,0.7881110296448613,4.728666177869168,506
2025-08-02 06:32:15.153010,576.0,240.3,72.2,0.7893144601072503,4.735886760643502,507
2025-08-02 06:34:15.147625,576.0,240.3,72.2,0.7917208451136948,4.750325070682169,509
2025-08-02 06:35:15.149687,576.0,240.3,72.2,0.7929240006745837,4.757544004047502,510
2025-08-02 06:36:15.159039,576.0,240.3,72.2,0.7941276237705837,4.764765742623502,511
2025-08-02 06:38:15.147513,576.0,240.3,72.2,0.796534036894917,4.779204221369502,513
2025-08-02 06:39:15.152470,576.0,240.3,72.2,0.7977379282941391,4.786427569764835,514
2025-08-02 06:41:15.154141,576.0,240.3,72.2,0.8001444871621947,4.800866922973168,516
2025-08-02 06:43:15.148903,576.0,240.3,72.2,0.8025508298313613,4.815304978988168,518
2025-08-02 06:45:15.147711,576.0,240.3,72.2,0.8049576315521391,4.829745789312835,520
2025-08-02 06:46:15.156465,576.0,240.3,72.2,0.8061608582500835,4.836965149500501,521
2025-08-02 06:48:15.140969,576.0,240.3,72.2,0.8085694667357501,4.851416800414501,523
2025-08-02 06:49:15.165156,576.0,240.3,72.2,0.8097713250832501,4.858627950499501,524
2025-08-02 06:51:15.140821,576.0,240.3,72.2,0.8121774179805279,4.873064507883168,526
2025-08-02 06:52:15.149752,576.0,240.3,72.2,0.8133811094659723,4.880286656795834,527
2025-08-02 06:53:15.151208,576.0,240.3,72.2,0.8145840353105278,4.887504211863167,528
2025-08-02 06:54:15.155113,576.0,240.3,72.2,0.8157879349525834,4.894727609715501,529
2025-08-02 06:55:15.155932,576.0,240.3,72.2,0.8169909851616389,4.901945910969833,530
2025-08-02 06:56:15.159734,736.0,240.3,93.9,0.8185565150184723,4.911339090110833,531
2025-08-02 06:58:15.162746,736.0,240.3,93.9,0.8216861216557223,4.930116729934333,533
2025-08-02 07:00:15.156966,736.0,240.3,93.9,0.8248158524235557,4.948895114541334,535
2025-08-02 07:01:15.162900,0.0,239.8,0.0,0.8248158524235557,4.948895114541334,536
2025-08-02 07:03:15.147950,0.0,239.8,0.0,0.8248158524235557,4.948895114541334,538
2025-08-02 07:05:15.144225,0.0,239.8,0.0,0.8248158524235557,4.948895114541334,540
2025-08-02 07:06:15.154398,0.0,239.8,0.0,0.8248158524235557,4.948895114541334,541
2025-08-02 07:08:15.147046,0.0,239.8,0.0,0.8248158524235557,4.948895114541334,543
2025-08-02 07:09:15.155480,0.0,239.8,0.0,0.8248158524235557,4.948895114541334,544
2025-08-02 07:10:15.159493,0.0,239.8,0.0,0.8248158524235557,4.948895114541334,545
2025-08-02 07:12:15.143440,0.0,239.8,0.0,0.8248158524235557,4.948895114541334,547
2025-08-02 07:13:15.146876,0.0,239.8,0.0,0.8248158524235557,4.948895114541334,548
2025-08-02 07:15:15.154852,464.0,239.4,58.5,0.8257908800810557,4.954745280486335,550
2025-08-02 07:17:15.155242,464.0,239.4,58.5,0.8277410883085558,4.966446529851335,552
2025-08-02 07:18:15.157498,464.0,239.4,58.5,0.8287160382423058,4.972296229453835,553
2025-08-02 07:20:15.141278,464.0,239.4,58.5,0.8306655635310558,4.983993381186335,555
2025-08-02 07:21:15.149602,464.0,239.4,58.5,0.8316406418398058,4.9898438510388345,556
2025-08-02 07:23:15.147039,464.0,239.4,58.5,0.8335907659085557,5.001544595451335,558
2025-08-02 07:25:15.157465,464.0,239.4,58.5,0.8355409735023057,5.013245841013834,560
2025-08-02 07:27:15.141053,464.0,239.4,58.5,0.8374904945660557,5.024942967396335,562
2025-08-02 07:28:15.145015,464.0,239.4,58.5,0.8384655820560557,5.030793492336334,563
2025-08-02 07:29:15.153361,464.0,239.4,58.5,0.8394407837348057,5.036644702408834,564
2025-08-02 07:30:15.154415,464.0,239.4,58.5,0.8404157734648057,5.042494640788834,565
2025-08-02 07:32:15.142886,464.0,239.4,58.5,0.8423656959685557,5.054194175811334,567
2025-08-02 07:33:15.158599,464.0,239.4,58.5,0.8433410639660557,5.060046383796334,568
2025-08-02 07:35:15.163149,464.0,239.4,58.5,0.8452911574685557,5.071746944811334,570
2025-08-02 07:37:15.151686,464.0,239.4,58.5,0.8472409821148057,5.083445892688834,572
2025-08-02 07:39:15.152958,464.0,239.4,58.5,0.8491907940210557,5.095144764126334,574
2025-08-02 07:41:15.159437,464.0,239.4,58.5,0.8511408617998056,5.106845170798834,576
2025-08-02 07:43:15.149436,464.0,239.4,58.5,0.8530906444560556,5.118543866736334,578
2025-08-02 07:45:15.153483,464.0,239.4,58.5,0.8550407321410556,5.1302443928463335,580
2025-08-02 07:46:15.157128,464.0,239.4,58.5,0.8560162702598055,5.136097621558833,581
2025-08-02 07:48:15.139587,464.0,239.4,58.5,0.8579655097760556,5.147793058656333,583
2025-08-02 07:49:15.144956,464.0,239.4,58.5,0.8589408458910556,5.153645075346334,584
2025-08-02 07:51:15.152924,464.0,239.4,58.5,0.8608907525998055,5.165344515598833,586
2025-08-02 07:52:15.157161,464.0,239.4,58.5,0.8618660214235555,5.171196128541333,587
2025-08-02 07:54:15.143252,464.0,239.4,58.5,0.8638155671548056,5.182893402928833,589
2025-08-02 07:55:15.147045,464.0,239.4,58.5,0.8647906153035556,5.188743691821333,590
2025-08-02 07:56:15.153360,464.0,239.4,58.5,0.8657659837235556,5.194595902341334,591
2025-08-02 07:58:15.160118,464.0,239.4,58.5,0.8677160678985556,5.206296407391333,593
2025-08-02 08:00:15.141443,464.0,239.4,58.5,0.8696658518385556,5.217995111031334,595
2025-08-02 08:01:15.152675,464.0,239.4,58.5,0.8706410008998056,5.223846005398833,596
2025-08-02 08:02:15.156837,464.0,239.4,58.5,0.8716160808173056,5.229696484903833,597
2025-08-02 08:03:15.156872,464.0,239.4,58.5,0.8725911315010556,5.235546789006333,598
2025-08-02 08:05:15.152705,464.0,239.4,58.5,0.8745407170935556,5.247244302561334,600
2025-08-02 08:07:15.145903,464.0,239.4,58.5,0.8764906050498057,5.258943630298834,602
2025-08-02 08:08:15.150798,464.0,239.4,58.5,0.8774657433535556,5.264794460121334,603
2025-08-02 08:10:15.141094,464.0,239.4,58.5,0.8794154788685556,5.276492873211334,605
2025-08-02 08:11:15.157037,0.0,234.3,0.0,0.8794154788685556,5.276492873211334,606
2025-08-02 08:13:15.153815,0.0,234.3,0.0,0.8794154788685556,5.276492873211334,608
2025-08-02 08:15:15.142426,0.0,234.3,0.0,0.8794154788685556,5.276492873211334,610
2025-08-02 08:16:15.146998,0.0,234.3,0.0,0.8794154788685556,5.276492873211334,611
2025-08-02 08:17:15.149233,0.0,234.3,0.0,0.8794154788685556,5.276492873211334,612
2025-08-02 08:19:15.148046,0.0,234.3,0.0,0.8794154788685556,5.276492873211334,614
2025-08-02 08:21:15.159172,0.0,234.3,0.0,0.8794154788685556,5.276492873211334,616
2025-08-02 08:23:15.157619,0.0,234.3,0.0,0.8794154788685556,5.276492873211334,618
2025-08-02 08:25:15.151920,446.0,233.0,59.1,0.8804004743375556,5.282402846025334,620
2025-08-02 08:27:15.163986,446.0,233.0,59.1,0.8823704780313056,5.294222868187834,622
2025-08-02 08:29:15.146636,446.0,233.0,59.1,0.8843405625114723,5.306043375068834,624
2025-08-02 08:30:15.152962,446.0,233.0,59.1,0.885325327260639,5.311951963563834,625
2025-08-02 08:31:15.154024,446.0,233.0,59.1,0.886310599071389,5.317863594428334,626
2025-08-02 08:33:15.151180,446.0,233.0,59.1,0.8882806032740557,5.329683619644334,628
2025-08-02 08:34:15.159214,446.0,233.0,59.1,0.889265605129139,5.335593630774834,629
2025-08-02 08:36:15.157050,446.0,233.0,59.1,0.8912356561849724,5.347413937109835,631
2025-08-02 08:38:15.162078,446.0,233.0,59.1,0.8932055591953056,5.359233355171834,633
2025-08-02 08:40:15.148518,446.0,233.0,59.1,0.8951753354033056,5.371052012419834,635
2025-08-02 08:41:15.158713,446.0,233.0,59.1,0.8961606042754723,5.3769636256528335,636
2025-08-02 08:43:15.154449,446.0,233.0,59.1,0.898130337406139,5.388782024436834,638
2025-08-02 08:44:15.155001,446.0,233.0,59.1,0.8991153673337223,5.394692204002334,639
2025-08-02 08:46:15.156927,446.0,233.0,59.1,0.9010855271171392,5.406513162702835,641
2025-08-02 08:48:15.149980,446.0,233.0,59.1,0.903055481117639,5.418332886705834,643
2025-08-02 08:50:15.147854,446.0,233.0,59.1,0.9050252789135558,5.430151673481335,645
2025-08-02 08:52:15.148444,446.0,233.0,59.1,0.9069953378493892,5.441972027096335,647
2025-08-02 08:53:15.151019,446.0,233.0,59.1,0.9079804135466392,5.447882481279835,648
2025-08-02 08:54:15.155943,446.0,233.0,59.1,0.9089656110883892,5.453793666530335,649
2025-08-02 08:56:15.151903,446.0,233.0,59.1,0.9109356493884724,5.465613896330835,651
2025-08-02 08:58:15.163414,446.0,233.0,59.1,0.9129057996830556,5.477434798098335,653
2025-08-02 09:00:15.144026,446.0,233.0,59.1,0.9148752288427224,5.489251373056335,655
2025-08-02 09:01:15.159296,446.0,233.0,59.1,0.9158603808282224,5.495162284969334,656
2025-08-02 09:03:15.147947,446.0,233.0,59.1,0.9178304747315558,5.506982848389335,658
2025-08-02 09:04:15.151481,446.0,233.0,59.1,0.9188153793343058,5.512892276005835,659
2025-08-02 09:06:15.155997,446.0,233.0,59.1,0.9207853297067224,5.524711978240335,661
2025-08-02 09:08:15.151504,446.0,233.0,59.1,0.9227553146198058,5.5365318877188345,663
2025-08-02 09:09:15.153308,446.0,233.0,59.1,0.9237405903377224,5.542443542026335,664
2025-08-02 09:10:15.154288,446.0,233.0,59.1,0.924725628818389,5.548353772910335,665
2025-08-02 09:12:15.150439,446.0,233.0,59.1,0.9266954759299724,5.560172855579834,667
2025-08-02 09:14:15.145163,446.0,233.0,59.1,0.9286656295735556,5.571993777441334,669
2025-08-02 09:15:15.159969,446.0,233.0,59.1,0.9296504473485556,5.577902684091335,670
2025-08-02 09:17:15.143170,446.0,233.0,59.1,0.9316203587149724,5.589722152289834,672
2025-08-02 09:18:15.163365,446.0,233.0,59.1,0.9326054824145558,5.595632894487334,673
2025-08-02 09:20:15.143069,0.0,233.0,0.0,0.9326054824145558,5.595632894487334,675
2025-08-02 09:21:15.152918,0.0,233.0,0.0,0.9326054824145558,5.595632894487334,676
2025-08-02 09:22:15.156991,0.0,233.0,0.0,0.9326054824145558,5.595632894487334,677
2025-08-02 09:24:15.148471,0.0,233.0,0.0,0.9326054824145558,5.595632894487334,679
2025-08-02 09:25:15.150599,0.0,233.0,0.0,0.9326054824145558,5.595632894487334,680
2025-08-02 09:27:15.143298,0.0,233.0,0.0,0.9326054824145558,5.595632894487334,682
2025-08-02 09:28:15.157186,0.0,233.0,0.0,0.9326054824145558,5.595632894487334,683
2025-08-02 09:30:15.159467,0.0,233.0,0.0,0.9326054824145558,5.595632894487334,685
2025-08-02 09:32:15.148976,0.0,233.0,0.0,0.9326054824145558,5.595632894487334,687
2025-08-02 09:33:15.163278,439.0,232.1,57.5,0.9335655337360836,5.601393202416501,688
2025-08-02 09:35:15.152216,439.0,232.1,57.5,0.9354808572985835,5.612885143791502,690
2025-08-02 09:36:15.159225,439.0,232.1,57.5,0.9364390844965004,5.618634506979001,691
2025-08-02 09:37:15.164612,439.0,232.1,57.5,0.9373973941270558,5.624384364762335,692
2025-08-02 09:39:15.151433,439.0,232.1,57.5,0.939313951352056,5.635883708112335,694
2025-08-02 09:40:15.155729,439.0,232.1,57.5,0.9402726558159448,5.641635934895668,695
2025-08-02 09:41:15.158493,439.0,232.1,57.5,0.9412310358999726,5.647386215399836,696
2025-08-02 09:43:15.153416,439.0,232.1,57.5,0.943147304874278,5.658883829245669,698
2025-08-02 09:45:15.160256,439.0,232.1,57.5,0.9450642500166392,5.670385500099836,700
2025-08-02 09:47:15.156245,439.0,232.1,57.5,0.946980605177056,5.681883631062336,702
2025-08-02 09:48:15.158154,439.0,232.1,57.5,0.9479391365978892,5.687634819587336,703
2025-08-02 09:50:15.145378,439.0,232.1,57.5,0.9498555229360838,5.699133137616503,705
2025-08-02 09:51:15.153139,439.0,232.1,57.5,0.9508141591506672,5.704884954904003,706
2025-08-02 09:52:15.156554,439.0,232.1,57.5,0.9517725584971948,5.7106353509831695,707
2025-08-02 09:54:15.148319,439.0,232.1,57.5,0.9536892111881672,5.722135267129002,709
2025-08-02 09:56:15.156710,439.0,232.1,57.5,0.9556056275221948,5.733633765133169,711
2025-08-02 09:58:15.147092,439.0,232.1,57.5,0.957522386444417,5.745134318666502,713
2025-08-02 09:59:15.149241,439.0,232.1,57.5,0.9584805884062224,5.750883530437335,714
2025-08-02 10:00:15.151136,439.0,232.1,57.5,0.9594388602624724,5.756633161574835,715
2025-08-02 10:02:15.154236,439.0,232.1,57.5,0.961355828500667,5.768134971004002,717
2025-08-02 10:04:15.154830,439.0,232.1,57.5,0.9632726052638616,5.779635631583169,719
2025-08-02 10:06:15.155156,439.0,232.1,57.5,0.9651890934090004,5.791134560454003,721
2025-08-02 10:07:15.163829,439.0,232.1,57.5,0.9661476051201116,5.796885630720669,722
2025-08-02 10:09:15.142943,439.0,232.1,57.5,0.9680639689534448,5.80838381372067,724
2025-08-02 10:10:15.146099,439.0,232.1,57.5,0.9690221269437228,5.814132761662336,725
2025-08-02 10:11:15.151781,439.0,232.1,57.5,0.969980590802056,5.8198835448123365,726
2025-08-02 10:13:15.146403,439.0,232.1,57.5,0.9718971463659448,5.83138287819567,728
2025-08-02 10:14:15.149475,439.0,232.1,57.5,0.9728557550923338,5.837134530554003,729
2025-08-02 10:15:15.155349,439.0,232.1,57.5,0.9738139814437228,5.842883888662336,730
2025-08-02 10:16:15.159167,439.0,232.1,57.5,0.9747725939235836,5.848635563541502,731
2025-08-02 10:18:15.150681,439.0,232.1,57.5,0.9766888701013616,5.860133220608169,733
2025-08-02 10:20:15.147872,439.0,232.1,57.5,0.9786055739034448,5.871633443420669,735
2025-08-02 10:21:15.148082,439.0,232.1,57.5,0.9795638533624726,5.877383120174835,736
2025-08-02 10:23:15.148183,439.0,232.1,57.5,0.9814808199555282,5.888884919733169,738
2025-08-02 10:24:15.152102,439.0,232.1,57.5,0.982438957389556,5.894633744337336,739
2025-08-02 10:26:15.160839,0.0,227.7,0.0,0.982438957389556,5.894633744337336,741
2025-08-02 10:28:15.143009,0.0,227.7,0.0,0.982438957389556,5.894633744337336,743
2025-08-02 10:29:15.149996,0.0,227.7,0.0,0.982438957389556,5.894633744337336,744
2025-08-02 10:30:15.153877,0.0,227.7,0.0,0.982438957389556,5.894633744337336,745
2025-08-02 10:32:15.149860,0.0,227.7,0.0,0.982438957389556,5.894633744337336,747
2025-08-02 10:34:15.157880,0.0,227.7,0.0,0.982438957389556,5.894633744337336,749
2025-08-02 10:36:15.162353,0.0,227.7,0.0,0.982438957389556,5.894633744337336,751
2025-08-02 10:38:15.158266,0.0,227.7,0.0,0.982438957389556,5.894633744337336,753
2025-08-02 10:39:15.158339,442.0,226.5,57.2,0.9833924710458892,5.900354826275335,754
2025-08-02 10:41:15.160805,442.0,226.5,57.2,0.985299151996667,5.911794911980001,756
2025-08-02 10:42:15.162061,442.0,226.5,57.2,0.9862522869731114,5.917513721838668,757
2025-08-02 10:44:15.155439,442.0,226.5,57.2,0.9881587799901114,5.928952679940668,759
2025-08-02 10:45:15.162199,442.0,226.5,57.2,0.989112504094778,5.934675024568668,760
2025-08-02 10:47:15.161899,442.0,226.5,57.2,0.9910192483310004,5.946115489986002,762
2025-08-02 10:49:15.154586,442.0,226.5,57.2,0.9929254371393336,5.957552622836002,764
2025-08-02 10:51:15.162688,442.0,226.5,57.2,0.9948325680952226,5.968995408571336,766
2025-08-02 10:53:15.152815,442.0,226.5,57.2,0.9967391675518892,5.980435005311335,768
2025-08-02 10:54:15.158848,442.0,226.5,57.2,0.9976923087408892,5.986153852445336,769
2025-08-02 10:56:15.147997,442.0,226.5,57.2,0.999598910596778,5.997593463580668,771
2025-08-02 10:58:15.149074,442.0,226.5,57.2,1.0015054328334447,6.009032597000669,773
2025-08-02 11:00:15.154261,442.0,226.5,57.2,1.0034124553953336,6.020474732372001,775
2025-08-02 11:01:15.157091,442.0,226.5,57.2,1.0043657009584448,6.026194205750668,776
2025-08-02 11:03:15.168357,442.0,226.5,57.2,1.0062726563103337,6.037635937862002,778
2025-08-02 11:05:15.152394,442.0,226.5,57.2,1.008178837444334,6.049073024666003,780
2025-08-02 11:06:15.154314,442.0,226.5,57.2,1.0091326325087784,6.05479579505267,781
2025-08-02 11:07:15.158675,442.0,226.5,57.2,1.0100858095748897,6.060514857449337,782
2025-08-02 11:09:15.141066,442.0,226.5,57.2,1.0119921947381116,6.07195316842867,784
2025-08-02 11:10:15.161442,442.0,226.5,57.2,1.0129456328110005,6.077673796866003,785
2025-08-02 11:12:15.151245,442.0,226.5,57.2,1.014852027952445,6.089112167714669,787
2025-08-02 11:13:15.153859,442.0,226.5,57.2,1.015805520857889,6.094833125147336,788
2025-08-02 11:15:15.159426,442.0,226.5,57.2,1.0177123943343338,6.106274366006003,790
2025-08-02 11:17:15.151237,442.0,226.5,57.2,1.0196190653704449,6.11771439222267,792
2025-08-02 11:18:15.158180,442.0,226.5,57.2,1.020572185220667,6.123433111324003,793
2025-08-02 11:20:15.143147,442.0,226.5,57.2,1.0224788693810003,6.134873216286001,795
2025-08-02 11:21:15.171461,442.0,226.5,57.2,1.0234326351940004,6.140595811164003,796
2025-08-02 11:23:15.151465,442.0,226.5,57.2,1.025339692552556,6.152038155315336,798
2025-08-02 11:24:15.156980,442.0,226.5,57.2,1.0262925602302226,6.157755361381335,799
2025-08-02 11:26:15.146833,442.0,226.5,57.2,1.0281988400024449,6.169193040014668,801
2025-08-02 11:27:15.166874,442.0,226.5,57.2,1.02915237665,6.174914259900001,802
2025-08-02 11:29:15.152368,442.0,226.5,57.2,1.0310589012541114,6.186353407524669,804
2025-08-02 11:30:15.160603,0.0,227.3,0.0,1.0310589012541114,6.186353407524669,805
2025-08-02 11:32:15.148496,0.0,227.3,0.0,1.0310589012541114,6.186353407524669,807
2025-08-02 11:33:15.153692,0.0,227.3,0.0,1.0310589012541114,6.186353407524669,808
2025-08-02 11:35:15.147619,0.0,227.3,0.0,1.0310589012541114,6.186353407524669,810
2025-08-02 11:37:15.147843,0.0,227.3,0.0,1.0310589012541114,6.186353407524669,812
2025-08-02 11:38:15.150272,0.0,227.3,0.0,1.0310589012541114,6.186353407524669,813
2025-08-02 11:40:15.156094,0.0,227.3,0.0,1.0310589012541114,6.186353407524669,815
2025-08-02 11:42:15.162913,0.0,227.3,0.0,1.0310589012541114,6.186353407524669,817
2025-08-02 11:44:15.154496,466.0,226.1,57.9,1.0320231423781114,6.192138854268668,819
2025-08-02 11:46:15.155907,466.0,226.1,57.9,1.0339531912875282,6.2037191477251685,821
2025-08-02 11:47:15.156754,466.0,226.1,57.9,1.034918771525945,6.20951262915567,822
2025-08-02 11:49:15.153170,466.0,226.1,57.9,1.0368483083098616,6.22108984985917,824
2025-08-02 11:51:15.151324,466.0,226.1,57.9,1.0387784169527785,6.23267050171667,826
2025-08-02 11:52:15.160292,466.0,226.1,57.9,1.0397434769436116,6.23846086166167,827
2025-08-02 11:54:15.153859,466.0,226.1,57.9,1.0416733420687785,6.25004005241267,829
2025-08-02 11:55:15.154296,466.0,226.1,57.9,1.0426384165667784,6.25583049940067,830
2025-08-02 11:57:15.154068,466.0,226.1,57.9,1.0445685010525283,6.26741100631517,832
2025-08-02 11:59:15.144833,466.0,226.1,57.9,1.0464979366883616,6.278987620130169,834
2025-08-02 12:00:15.145221,466.0,226.1,57.9,1.0474629953603616,6.2847779721621695,835
2025-08-02 12:01:15.147475,466.0,226.1,57.9,1.048428064663445,6.29056838798067,836
2025-08-02 12:02:15.164196,466.0,226.1,57.9,1.0493936869276117,6.29636212156567,837
2025-08-02 12:04:15.150623,466.0,226.1,57.9,1.051323172791695,6.30793903675017,839
2025-08-02 12:05:15.158922,466.0,226.1,57.9,1.052288595509945,6.31373157305967,840
2025-08-02 12:07:15.151261,456.0,229.5,55.1,1.054124854252945,6.324749125517671,842
2025-08-02 12:09:15.144647,456.0,229.5,55.1,1.0559616508484728,6.335769905090837,844
2025-08-02 12:10:15.146451,456.0,229.5,55.1,1.0568800852903062,6.341280511741838,845
2025-08-02 12:11:15.147808,456.0,229.5,55.1,1.0577983878594728,6.346790327156837,846
2025-08-02 12:12:15.154906,456.0,229.5,55.1,1.058716601763556,6.352299610581337,847
2025-08-02 12:14:15.154978,456.0,229.5,55.1,1.060553336264445,6.36332001758667,849
2025-08-02 12:16:15.145689,456.0,229.5,55.1,1.062389801387556,6.374338808325337,851
2025-08-02 12:17:15.149253,456.0,229.5,55.1,1.0633082922303616,6.379849753382169,852
2025-08-02 12:19:15.152653,456.0,229.5,55.1,1.0651450270220562,6.390870162132337,854
2025-08-02 12:21:15.152885,456.0,229.5,55.1,1.0669816518127229,6.401889910876337,856
2025-08-02 12:23:15.152968,456.0,229.5,55.1,1.068818216942334,6.412909301654005,858
2025-08-02 12:24:15.155269,456.0,229.5,55.1,1.0697368008888342,6.418420805333005,859
2025-08-02 12:26:15.151932,456.0,229.5,55.1,1.071573572444473,6.429441434666838,861
2025-08-02 12:28:15.143192,456.0,229.5,55.1,1.073409975136223,6.440459850817337,863
2025-08-02 12:29:15.157365,456.0,229.5,55.1,1.074328482019251,6.445970892115504,864
2025-08-02 12:31:15.152051,456.0,229.5,55.1,1.076164829213056,6.456988975278337,866
2025-08-02 12:33:15.150221,456.0,229.5,55.1,1.078001591983306,6.468009551899836,868
2025-08-02 12:34:15.151802,456.0,229.5,55.1,1.078919738542945,6.47351843125767,869
2025-08-02 12:35:15.153209,456.0,229.5,55.1,1.0798384394545006,6.479030636727003,870
2025-08-02 12:37:15.148448,456.0,229.5,55.1,1.081674703141195,6.49004821884717,872
2025-08-02 12:39:15.144168,456.0,229.5,55.1,1.0835115122566672,6.501069073540004,874
2025-08-02 12:40:15.159470,456.0,229.5,55.1,1.0844303208887227,6.506581925332336,875
2025-08-02 12:42:15.159464,456.0,229.5,55.1,1.0862669338328894,6.5176016029973365,877
2025-08-02 12:44:15.161227,619.0,229.0,78.4,1.0888797408191118,6.533278444914671,879
2025-08-02 12:46:15.144769,619.0,229.0,78.4,1.0914933384040006,6.548960030424004,881
2025-08-02 12:47:15.158239,619.0,229.0,78.4,1.092799764905334,6.556798589432004,882
2025-08-02 12:49:15.155838,619.0,229.0,78.4,1.095413022016445,6.57247813209867,884
2025-08-02 12:50:15.160729,619.0,229.0,78.4,1.096720011168445,6.580320067010669,885
2025-08-02 12:52:15.153346,619.0,229.0,78.4,1.0993329866928894,6.595997920157336,887
2025-08-02 12:54:15.154723,619.0,229.0,78.4,1.101946355872445,6.611678135234669,889
2025-08-02 12:56:15.158264,619.0,229.0,78.4,1.104559753624445,6.62735852174667,891
2025-08-02 12:58:15.145786,619.0,229.0,78.4,1.1071728159333338,6.643036895600003,893
2025-08-02 12:59:15.153109,619.0,229.0,78.4,1.1084795607822229,6.650877364693336,894
2025-08-02 13:00:15.157159,619.0,229.0,78.4,1.1097863546093338,6.658718127656004,895
2025-08-02 13:01:15.163612,619.0,229.0,78.4,1.1110934973817783,6.66656098429067,896
2025-08-02 13:03:15.153821,0.0,229.5,0.0,1.1110934973817783,6.66656098429067,898
2025-08-02 13:05:15.158181,0.0,229.5,0.0,1.1110934973817783,6.66656098429067,900
2025-08-02 13:06:15.159116,0.0,229.5,0.0,1.1110934973817783,6.66656098429067,901
2025-08-02 13:08:15.148445,0.0,229.5,0.0,1.1110934973817783,6.66656098429067,903
2025-08-02 13:10:15.146758,0.0,229.5,0.0,1.1110934973817783,6.66656098429067,905
2025-08-02 13:11:15.150783,0.0,229.5,0.0,1.1110934973817783,6.66656098429067,906
2025-08-02 13:13:15.168587,0.0,229.5,0.0,1.1110934973817783,6.66656098429067,908
2025-08-02 13:15:15.142330,0.0,229.5,0.0,1.1110934973817783,6.66656098429067,910
2025-08-02 13:16:15.149171,460.0,229.5,56.6,1.1120366732727782,6.672220039636669,911
2025-08-02 13:17:15.160428,460.0,229.5,56.6,1.112980258601889,6.677881551611336,912
2025-08-02 13:19:15.152023,460.0,229.5,56.6,1.1148669640081117,6.689201784048668,914
2025-08-02 13:21:15.143727,460.0,229.5,56.6,1.1167535043624448,6.700521026174669,916
2025-08-02 13:22:15.161478,460.0,229.5,56.6,1.117697103071167,6.706182618427002,917
2025-08-02 13:24:15.156577,460.0,229.5,56.6,1.1195836971797783,6.71750218307867,919
2025-08-02 13:26:15.149693,460.0,229.5,56.6,1.1214702533035006,6.728821519821004,921
2025-08-02 13:27:15.153662,460.0,229.5,56.6,1.1224138962860006,6.734483377716003,922
2025-08-02 13:29:15.168301,460.0,229.5,56.6,1.124300683856556,6.745804103139337,924
2025-08-02 13:31:15.144641,460.0,229.5,56.6,1.1261869209921118,6.757121525952671,926
2025-08-02 13:32:15.155840,460.0,229.5,56.6,1.1271305192606118,6.762783115563671,927
2025-08-02 13:33:15.160531,625.0,229.9,77.9,1.1284285715696951,6.770571429418171,928
2025-08-02 13:35:15.149732,625.0,229.9,77.9,1.1310254626316396,6.786152775789837,930
2025-08-02 13:36:15.152416,625.0,229.9,77.9,1.132323675393084,6.793942052358505,931
2025-08-02 13:37:15.158183,625.0,229.9,77.9,1.133622151543084,6.801732909258504,932
2025-08-02 13:39:15.145415,815.0,230.3,105.7,1.1366814096993896,6.820088458196338,934
2025-08-02 13:40:15.149309,815.0,230.3,105.7,1.138443535896806,6.830661215380837,935
2025-08-02 13:41:15.149571,815.0,230.3,105.7,1.140205086381556,6.841230518289336,936
2025-08-02 13:42:15.154260,815.0,230.3,105.7,1.1419669102182506,6.851801461309504,937
2025-08-02 13:44:15.144068,815.0,230.3,105.7,1.1454900936631118,6.872940561978671,939
2025-08-02 13:45:15.148151,815.0,230.3,105.7,1.1472518267152507,6.883510960291504,940
2025-08-02 13:47:15.152424,815.0,230.3,105.7,1.1507752710923065,6.904651626553838,942
2025-08-02 13:48:15.153105,815.0,230.3,105.7,1.152537048186112,6.915222289116672,943
2025-08-02 13:50:15.140879,815.0,230.3,105.7,1.1560595734723065,6.936357440833839,945
2025-08-02 13:51:15.159328,815.0,230.3,105.7,1.1578221532108064,6.946932919264839,946
2025-08-02 13:53:15.143520,815.0,230.3,105.7,1.161345179045223,6.968071074271338,948
2025-08-02 13:54:15.145512,815.0,230.3,105.7,1.1631065034200565,6.978639020520338,949
2025-08-02 13:56:15.148546,815.0,230.3,105.7,1.1666298560142785,6.999779136085671,951
2025-08-02 13:57:15.152021,815.0,230.3,105.7,1.1683915391525286,7.010349234915172,952
2025-08-02 13:59:15.154354,815.0,230.3,105.7,1.1719154671364451,7.031492802818672,954
2025-08-02 14:01:15.163043,815.0,230.3,105.7,1.1754391783472786,7.052635070083672,956
2025-08-02 14:03:15.147326,815.0,230.3,105.7,1.1789615431456395,7.073769258873838,958
2025-08-02 14:05:15.151643,815.0,230.3,105.7,1.182485585168112,7.094913511008672,960
2025-08-02 14:07:15.158807,815.0,230.3,105.7,1.1860091301363342,7.116054780818006,962
2025-08-02 14:09:15.143171,815.0,230.3,105.7,1.1895313263431952,7.137187958059172,964
2025-08-02 14:10:15.153838,815.0,230.3,105.7,1.1912932164479175,7.147759298687506,965
2025-08-02 14:11:15.160783,815.0,230.3,105.7,1.1930554629378065,7.158332777626839,966
2025-08-02 14:13:15.145262,815.0,230.3,105.7,1.1965780879049732,7.179468527429839,968
2025-08-02 14:14:15.155910,815.0,230.3,105.7,1.1983406626520845,7.190043975912506,969
2025-08-02 14:16:15.146832,815.0,230.3,105.7,1.2018635940024454,7.211181564014672,971
2025-08-02 14:17:15.162279,815.0,230.3,105.7,1.2036257766319176,7.221754659791506,972
2025-08-02 14:19:15.144735,815.0,230.3,105.7,1.2071484885666954,7.242890931400172,974
2025-08-02 14:20:15.155646,815.0,230.3,105.7,1.208909992161751,7.2534599529705055,975
2025-08-02 14:22:15.151841,815.0,230.3,105.7,1.2124331386409732,7.274598831845839,977
2025-08-02 14:23:15.159031,815.0,230.3,105.7,1.214195257233862,7.285171543403173,978
2025-08-02 14:25:15.148962,815.0,230.3,105.7,1.2177180637995009,7.306308382797005,980
2025-08-02 14:26:15.153609,815.0,230.3,105.7,1.2194800774851398,7.316880464910838,981
2025-08-02 14:27:15.165382,815.0,230.3,105.7,1.2212424374557231,7.327454624734338,982
2025-08-02 14:29:15.151340,815.0,230.3,105.7,1.22476485366539,7.348589121992339,984
2025-08-02 14:31:15.150903,815.0,230.3,105.7,1.2282884013641957,7.369730408185173,986
2025-08-02 14:33:15.154362,815.0,230.3,105.7,1.2318120891742232,7.3908725350453395,988
2025-08-02 14:35:15.157341,815.0,230.3,105.7,1.2353351262833068,7.412010757699841,990
2025-08-02 14:37:15.158523,815.0,230.3,105.7,1.2388584621710568,7.433150773026341,992
2025-08-02 14:38:15.166450,815.0,230.3,105.7,1.2406210202410568,7.443726121446341,993
2025-08-02 14:40:15.145089,763.0,231.2,98.3,1.2438964608609735,7.46337876516584,995
2025-08-02 14:41:15.150572,763.0,231.2,98.3,1.2455354137027512,7.473212482216507,996
2025-08-02 14:43:15.154693,763.0,231.2,98.3,1.2488117335342512,7.492870401205508,998
2025-08-02 14:44:15.167004,763.0,231.2,98.3,1.2504503670375569,7.502702202225342,999
2025-08-02 14:46:15.149517,763.0,231.2,98.3,1.2537268766699736,7.522361260019842,1001
2025-08-02 14:48:15.148403,763.0,231.2,98.3,1.2570033356778902,7.542020014067342,1003
2025-08-02 14:49:15.152143,763.0,231.2,98.3,1.2586416436443624,7.551849861866174,1004
2025-08-02 14:50:15.152953,763.0,231.2,98.3,1.260280408296251,7.561682449777508,1005
2025-08-02 14:52:15.149201,763.0,231.2,98.3,1.2635564680423346,7.581338808254007,1007
2025-08-02 14:53:15.161132,763.0,231.2,98.3,1.2651952472753902,7.591171483652341,1008
2025-08-02 14:55:15.148501,763.0,231.2,98.3,1.268471855508168,7.610831133049007,1010
2025-08-02 14:56:15.153449,763.0,231.2,98.3,1.2701099128369455,7.620659477021674,1011
2025-08-02 14:58:15.152855,763.0,231.2,98.3,1.2733870116413346,7.640322069848008,1013
2025-08-02 14:59:15.155413,763.0,231.2,98.3,1.275025441254057,7.650152647524342,1014
2025-08-02 15:01:15.151965,763.0,231.2,98.3,1.2783016915110013,7.669810149066007,1016
2025-08-02 15:02:15.163693,763.0,231.2,98.3,1.2799403164949734,7.679641898969841,1017
2025-08-02 15:04:15.141726,0.0,230.8,0.0,1.2799403164949734,7.679641898969841,1019
2025-08-02 15:05:15.153394,0.0,230.8,0.0,1.2799403164949734,7.679641898969841,1020
2025-08-02 15:06:15.169070,0.0,230.8,0.0,1.2799403164949734,7.679641898969841,1021
2025-08-02 15:08:15.147986,0.0,230.8,0.0,1.2799403164949734,7.679641898969841,1023
2025-08-02 15:09:15.157024,0.0,230.8,0.0,1.2799403164949734,7.679641898969841,1024
2025-08-02 15:11:15.145039,0.0,230.8,0.0,1.2799403164949734,7.679641898969841,1026
2025-08-02 15:12:15.155952,0.0,230.8,0.0,1.2799403164949734,7.679641898969841,1027
2025-08-02 15:14:15.156493,0.0,230.8,0.0,1.2799403164949734,7.679641898969841,1029
2025-08-02 15:16:15.149711,0.0,230.8,0.0,1.2799403164949734,7.679641898969841,1031
2025-08-02 15:17:15.152089,475.0,230.8,59.0,1.2809235774385843,7.685541464631507,1032
2025-08-02 15:19:15.149392,475.0,230.8,59.0,1.2828899900938624,7.697339940563174,1034
2025-08-02 15:20:15.150727,475.0,230.8,59.0,1.2838741071110846,7.703244642666508,1035
2025-08-02 15:21:15.158598,475.0,230.8,59.0,1.2848573246077513,7.709143947646508,1036
2025-08-02 15:23:15.147129,475.0,230.8,59.0,1.2868233845085846,7.7209403070515075,1038
2025-08-02 15:24:15.155200,475.0,230.8,59.0,1.2878067803327513,7.726840681996508,1039
2025-08-02 15:26:15.159011,475.0,230.8,59.0,1.2897738699310846,7.738643219586507,1041
2025-08-02 15:27:15.159618,475.0,230.8,59.0,1.29075691619664,7.74454149717984,1042
2025-08-02 15:29:15.149617,475.0,230.8,59.0,1.2927234183024736,7.756340509814842,1044
2025-08-02 15:31:15.145399,475.0,230.8,59.0,1.2946903291635847,7.768141974981509,1046
2025-08-02 15:33:15.152910,475.0,230.8,59.0,1.2966570770863624,7.779942462518174,1048
2025-08-02 15:34:15.157896,475.0,230.8,59.0,1.2976401613413624,7.785840968048174,1049
2025-08-02 15:36:15.156231,475.0,230.8,59.0,1.2996070135958069,7.797642081574841,1051
2025-08-02 15:38:15.145557,475.0,230.8,59.0,1.3015734885124737,7.809440931074841,1053
2025-08-02 15:39:15.155699,475.0,230.8,59.0,1.3025567996388625,7.815340797833174,1054
2025-08-02 15:41:15.157654,475.0,230.8,59.0,1.3045237181699734,7.82714230901984,1056
2025-08-02 15:43:15.164526,475.0,230.8,59.0,1.3064904927574734,7.838942956544841,1058
2025-08-02 15:45:15.156499,475.0,230.8,59.0,1.3084568928260845,7.850741356956506,1060
2025-08-02 15:47:15.160777,475.0,230.8,59.0,1.3104236658238624,7.862541994943174,1062
2025-08-02 15:49:15.151906,475.0,230.8,59.0,1.312390079429696,7.874340476578175,1064
2025-08-02 15:51:15.154979,475.0,230.8,59.0,1.3143568124877514,7.886140874926508,1066
2025-08-02 15:53:15.152646,475.0,230.8,59.0,1.316323362367196,7.897940174203176,1068
2025-08-02 15:55:15.141481,475.0,230.8,59.0,1.318290009350807,7.909740056104842,1070
2025-08-02 15:56:15.155253,475.0,230.8,59.0,1.3192734737460847,7.915640842476508,1071
2025-08-02 15:58:15.160049,475.0,230.8,59.0,1.3212404391985846,7.9274426351915075,1073
2025-08-02 16:00:15.140663,475.0,230.8,59.0,1.3232067333130288,7.939240399878173,1075
2025-08-02 16:01:15.149477,475.0,230.8,59.0,1.3241902607399734,7.94514156443984,1076
2025-08-02 16:03:15.153636,475.0,230.8,59.0,1.32615704717664,7.95694228305984,1078
2025-08-02 16:04:15.155492,475.0,230.8,59.0,1.3271402651321955,7.962841590793173,1079
2025-08-02 16:06:15.153493,475.0,230.8,59.0,1.329107078872751,7.974642473236506,1081
2025-08-02 16:07:15.156220,475.0,230.8,59.0,1.3300905258302511,7.980543154981507,1082
2025-08-02 16:08:15.161348,475.0,230.8,59.0,1.3310738366780288,7.986443020068172,1083
2025-08-02 16:10:15.158559,475.0,230.8,59.0,1.3330404886110845,7.998242931666507,1085
2025-08-02 16:12:15.155299,475.0,230.8,59.0,1.3350068314333068,8.01004098859984,1087
2025-08-02 16:14:15.164272,475.0,230.8,59.0,1.3369737468177512,8.021842480906507,1089
2025-08-02 16:16:15.146970,475.0,230.8,59.0,1.3389400780202512,8.033640468121508,1091
2025-08-02 16:17:15.155371,629.0,234.3,80.5,1.3402820978359455,8.041692587015673,1092
2025-08-02 16:19:15.157365,629.0,234.3,80.5,1.3429652890420567,8.05779173425234,1094
2025-08-02 16:20:15.159766,629.0,234.3,80.5,1.3443069897646955,8.065841938588173,1095
2025-08-02 16:22:15.143738,629.0,234.3,80.5,1.3469899059962234,8.08193943597734,1097
2025-08-02 16:23:15.152392,629.0,234.3,80.5,1.3483319350470566,8.08999161028234,1098
2025-08-02 16:24:15.164067,629.0,234.3,80.5,1.3496741652137232,8.09804499128234,1099
2025-08-02 16:26:15.156820,629.0,234.3,80.5,1.35235720096539,8.11414320579234,1101
2025-08-02 16:27:15.160880,629.0,234.3,80.5,1.3536989650817788,8.122193790490673,1102
2025-08-02 16:29:15.153362,629.0,234.3,80.5,1.356382087303862,8.138292523823173,1104
2025-08-02 16:30:15.155208,629.0,234.3,80.5,1.35772376667164,8.14634260002984,1105
2025-08-02 16:32:15.153673,629.0,234.3,80.5,1.3604068169133066,8.16244090147984,1107
2025-08-02 16:34:15.159674,629.0,234.3,80.5,1.3630906277010844,8.178543766206506,1109
2025-08-02 16:36:15.161245,629.0,234.3,80.5,1.3657738587099733,8.19464315225984,1111
2025-08-02 16:38:15.150079,629.0,234.3,80.5,1.3684569175606678,8.210741505364007,1113
2025-08-02 16:39:15.155014,629.0,234.3,80.5,1.3697987072358069,8.218792243414839,1114
2025-08-02 16:41:15.165394,629.0,234.3,80.5,1.372482169145529,8.234893014873172,1116
2025-08-02 16:43:15.150284,629.0,234.3,80.5,1.3751650397156678,8.250990238294007,1118
2025-08-02 16:45:15.151230,629.0,234.3,80.5,1.3778484109734457,8.267090465840674,1120
2025-08-02 16:46:15.155344,0.0,238.0,0.0,1.3778484109734457,8.267090465840674,1121
2025-08-02 16:48:15.146824,0.0,238.0,0.0,1.3778484109734457,8.267090465840674,1123
2025-08-02 16:49:15.161569,0.0,238.0,0.0,1.3778484109734457,8.267090465840674,1124
2025-08-02 16:51:15.155985,0.0,238.0,0.0,1.3778484109734457,8.267090465840674,1126
2025-08-02 16:53:15.140455,0.0,238.0,0.0,1.3778484109734457,8.267090465840674,1128
2025-08-02 16:54:15.147941,0.0,238.0,0.0,1.3778484109734457,8.267090465840674,1129
2025-08-02 16:55:15.157603,0.0,238.0,0.0,1.3778484109734457,8.267090465840674,1130
2025-08-02 16:57:15.146554,0.0,238.0,0.0,1.3778484109734457,8.267090465840674,1132
2025-08-02 16:58:15.158449,0.0,238.0,0.0,1.3778484109734457,8.267090465840674,1133
2025-08-02 17:00:15.145655,452.0,237.0,57.7,1.3788102927970012,8.272861756782007,1135
2025-08-02 17:01:15.157174,452.0,237.0,57.7,1.3797721587530567,8.27863295251834,1136
2025-08-02 17:03:15.141546,452.0,237.0,57.7,1.3816950247484456,8.290170148490674,1138
2025-08-02 17:04:15.154858,452.0,237.0,57.7,1.3826570596853622,8.295942358112173,1139
2025-08-02 17:05:15.158962,452.0,237.0,57.7,1.383618830917251,8.301712985503507,1140
2025-08-02 17:06:15.160220,452.0,237.0,57.7,1.3845803698745844,8.307482219247508,1141
2025-08-02 17:08:15.145366,452.0,237.0,57.7,1.3865038175661124,8.319022905396675,1143
2025-08-02 17:09:15.861106,452.0,237.0,57.7,1.3874768426701125,8.324861056020675,1144
2025-08-02 17:11:16.816307,452.0,237.0,57.7,1.3894154053574737,8.336492432144842,1146
2025-08-02 17:12:17.813576,452.0,237.0,57.7,1.3903929444126126,8.342357666475676,1147
2025-08-02 17:13:18.822861,452.0,237.0,57.7,1.3913710024311683,8.34822601458701,1148
2025-08-02 17:14:19.808345,452.0,237.0,57.7,1.392348185268946,8.354089111613677,1149
2025-08-02 17:15:20.817185,452.0,237.0,57.7,1.393326155198835,8.35995693119301,1150
2025-08-02 17:16:21.812258,452.0,237.0,57.7,1.394303642356029,8.365821854136176,1151
2025-08-02 17:17:22.828571,452.0,237.0,57.7,1.3952817841998626,8.371690705199175,1152
2025-08-02 17:18:23.825997,452.0,237.0,57.7,1.3962593543969737,8.377556126381842,1153
2025-08-02 17:19:24.822571,452.0,237.0,57.7,1.3972370588587792,8.383422353152675,1154
2025-08-02 17:20:25.824790,452.0,237.0,57.7,1.3982146944812792,8.389288166887676,1155
2025-08-02 17:21:26.812449,452.0,237.0,57.7,1.399192366118196,8.395154196709175,1156
2025-08-02 17:22:27.808674,452.0,237.0,57.7,1.4001700141301685,8.40102008478101,1157
2025-08-02 17:23:28.812615,452.0,237.0,57.7,1.4011475705273628,8.406885423164177,1158
2025-08-02 17:42:24.059233,452.0,237.0,57.7,2.8317396944444447e-06,1.6990438166666668e-05,0
2025-08-02 17:43:25.776593,452.0,237.0,57.7,0.0009909448166944,0.0059456689001666,1
2025-08-02 17:44:25.832070,452.0,237.0,57.7,0.0019535524100833,0.0117213144605,2
2025-08-02 17:45:25.833248,432.0,239.4,95.3,0.0035422326089444,0.0212533956536666,3
2025-08-02 17:47:25.825713,432.0,239.4,95.3,0.0067190588766388,0.0403143532598333,5
2025-08-02 17:49:25.828815,432.0,239.4,95.3,0.0098955911438333,0.059373546863,7
2025-08-02 17:50:26.824784,432.0,239.4,95.3,0.0115100473984166,0.0690602843904999,8
2025-08-02 17:51:27.822692,432.0,239.4,95.3,0.0131245290928055,0.0787471745568333,9
2025-08-02 17:52:28.806777,432.0,239.4,95.3,0.01473937859225,0.0884362715535,10
2025-08-02 17:54:34.009019,432.0,239.4,95.3,1.606202083333333e-06,9.6372125e-06,0
2025-08-02 17:56:08.842759,432.0,239.4,95.3,0.0025121523409722,0.0150729140458333,1
2025-08-02 17:58:08.854645,432.0,239.4,95.3,0.0056891388715,0.0341348332289999,3
2025-08-02 18:00:08.849316,432.0,239.4,95.3,0.0088655608554166,0.0531933651324999,5
2025-08-02 18:01:08.862934,432.0,239.4,95.3,0.0104542437014999,0.062725462209,6
2025-08-02 18:02:08.895252,432.0,239.4,95.3,0.0120435601866944,0.0722613611201666,7
2025-08-02 18:03:09.855290,432.0,239.4,95.3,0.0136571851605555,0.0819431109633333,8
2025-08-02 18:04:10.861219,432.0,239.4,95.3,0.0152739211234999,0.0916435267409999,9
2025-08-02 18:05:11.846023,432.0,239.4,95.3,0.0168867508453333,0.1013205050719999,10
2025-08-02 18:06:12.842080,432.0,239.4,95.3,0.0185012145915555,0.1110072875493333,11
2025-08-02 18:10:42.026154,432.0,239.4,95.3,2.1140981388888887e-06,1.2684588833333332e-05,0
2025-08-02 18:11:42.807349,432.0,239.4,95.3,0.001611142673583333,0.0096668560415,1
2025-08-02 18:12:42.841201,432.0,239.4,95.3,0.0031998553273888883,0.01919913196433333,2
2025-08-02 18:13:42.859664,432.0,239.4,95.3,0.004789364159749999,0.028736184958499993,3
2025-08-02 18:15:42.852741,432.0,239.4,95.3,0.007965902171416666,0.047795413028499996,5
2025-08-02 18:16:42.861885,432.0,239.4,95.3,0.009553974356277778,0.05732384613766667,6
2025-08-02 18:18:43.845391,432.0,239.4,95.3,0.012756544595361111,0.07653926757216667,8
2025-08-02 18:20:42.840992,432.0,239.4,95.3,0.015907099194388888,0.09544259516633333,10
2025-08-02 18:21:43.939743,432.0,239.4,95.3,0.017524962582805555,0.10514977549683333,11
2025-08-02 18:22:44.851942,432.0,239.4,95.3,0.019136424882,0.114818549292,12
2025-08-02 18:23:45.846898,432.0,239.4,95.3,0.020751552657444446,0.12450931594466667,13
2025-08-02 18:24:46.848816,432.0,239.4,95.3,0.02236597354513889,0.13419584127083334,14
2025-08-02 18:25:47.852125,432.0,239.4,95.3,0.023981361118972224,0.14388816671383334,15
2025-08-02 18:26:48.834247,432.0,239.4,95.3,0.025595765832138892,0.15357459499283335,16
2025-08-02 18:27:49.835647,432.0,239.4,95.3,0.027211035604583336,0.16326621362750002,17
2025-08-02 18:28:50.837467,432.0,239.4,95.3,0.02882518724330556,0.17295112345983335,18
2025-08-02 18:29:51.848593,432.0,239.4,95.3,0.03044052449344445,0.1826431469606667,19
2025-08-02 18:30:52.854405,432.0,239.4,95.3,0.032055390696861114,0.19233234418116668,20
2025-08-02 18:31:53.863370,432.0,239.4,95.3,0.03367028607266667,0.20202171643600003,21
2025-08-02 18:32:54.835434,0.0,238.4,0.0,0.03367028607266667,0.20202171643600003,22
2025-08-02 18:33:55.843062,0.0,238.4,0.0,0.03367028607266667,0.20202171643600003,23
2025-08-02 18:34:56.865570,0.0,238.4,0.0,0.03367028607266667,0.20202171643600003,24
2025-08-02 18:36:56.850952,0.0,238.4,0.0,0.03367028607266667,0.20202171643600003,26
2025-08-02 18:37:56.875106,889.0,239.8,117.2,0.03562452913844445,0.21374717483066671,27
2025-08-02 18:39:56.843600,889.0,239.8,117.2,0.03953068435733334,0.23718410614400004,29
2025-08-02 18:40:56.864548,889.0,239.8,117.2,0.04148466730422223,0.24890800382533335,30
2025-08-02 18:42:56.842999,889.0,239.8,117.2,0.045390152399555565,0.2723409143973334,32
2025-08-02 18:43:56.849693,889.0,239.8,117.2,0.04734357314455556,0.28406143886733337,33
2025-08-02 18:45:56.828750,889.0,239.8,117.2,0.051250074982444445,0.3075004498946667,35
2025-08-02 18:46:56.853808,889.0,239.8,117.2,0.053203956063,0.319223736378,36
2025-08-02 18:48:56.829363,889.0,239.8,117.2,0.057109546019777774,0.34265727611866664,38
2025-08-02 18:49:56.843701,889.0,239.8,117.2,0.05906326031822222,0.3543795619093333,39
2025-08-02 18:50:56.849725,889.0,239.8,117.2,0.06101673985855555,0.36610043915133333,40
2025-08-02 18:52:56.853140,889.0,239.8,117.2,0.06492358447388888,0.3895415068433333,42
2025-08-02 18:54:56.830333,889.0,239.8,117.2,0.06883034096133332,0.4129820457679999,44
2025-08-02 18:55:56.849546,889.0,239.8,117.2,0.07078382658955554,0.4247029595373332,45
2025-08-02 18:57:56.860994,889.0,239.8,117.2,0.0746907695552222,0.44814461733133326,47
2025-08-02 18:59:56.849481,889.0,239.8,117.2,0.07859711408466664,0.4715826845079999,49
2025-08-02 19:01:24.832976,889.0,239.8,117.2,0.08146140522099998,0.4887684313259999,50
2025-08-02 19:02:24.835463,889.0,239.8,117.2,0.08341500690977777,0.5004900414586666,51
2025-08-02 19:03:24.840853,889.0,239.8,117.2,0.08536880790366666,0.512212847422,52
2025-08-02 19:04:24.873550,889.0,239.8,117.2,0.08732266590233333,0.5239359954139999,53
2025-08-02 19:06:24.830219,889.0,239.8,117.2,0.09122862507166665,0.54737175043,55
2025-08-02 19:07:24.833772,889.0,239.8,117.2,0.09318220758522221,0.5590932455113332,56
2025-08-02 19:08:25.839956,889.0,239.8,117.2,0.09516787441266665,0.5710072464759999,57
2025-08-02 19:09:26.838238,889.0,239.8,117.2,0.09715366709988887,0.5829220025993332,58
2025-08-02 19:10:27.844893,889.0,239.8,117.2,0.09913994867388888,0.5948396920433333,59
2025-08-02 19:11:28.861068,889.0,239.8,117.2,0.10112651449044444,0.6067590869426667,60
2025-08-02 19:12:29.828935,889.0,239.8,117.2,0.10311101608944444,0.6186660965366666,61
2025-08-02 19:13:30.516315,889.0,239.8,117.2,0.10508652369533332,0.6305191421719999,62
2025-08-02 19:14:46.867105,889.0,239.8,117.2,0.10757232407299999,0.645433944438,64
2025-08-02 19:16:46.841599,889.0,239.8,117.2,0.11147849993211109,0.6688709995926665,66
2025-08-02 19:17:46.861994,889.0,239.8,117.2,0.1134316326581111,0.6805897959486666,67
2025-08-02 19:19:46.838170,889.0,239.8,117.2,0.11733777911955554,0.7040266747173332,69
2025-08-02 19:20:46.844640,889.0,239.8,117.2,0.11929117342944442,0.7157470405766666,70
2025-08-02 19:21:51.157649,889.0,239.8,117.2,0.12138515350177775,0.7283109210106665,71
2025-08-02 19:23:46.842922,801.0,234.8,96.6,0.12480585358538887,0.7488351215123332,73
2025-08-02 19:24:47.836734,801.0,234.8,96.6,0.12644231245955553,0.7586538747573333,74
2025-08-02 19:25:48.861543,801.0,234.8,96.6,0.12808005533555553,0.7684803320133331,75
2025-08-02 19:27:32.442381,801.0,234.8,96.6,0.13085963495188888,0.7851578097113332,76
2025-08-02 19:28:46.768345,801.0,234.8,96.6,0.13285447161505556,0.7971268296903333,78
2025-08-02 19:29:46.810620,801.0,234.8,96.6,0.13446526432538888,0.8067915859523334,79
2025-08-02 19:30:46.816856,801.0,234.8,96.6,0.13607500028538888,0.8164500017123333,80
2025-08-02 19:31:46.830481,801.0,234.8,96.6,0.1376856369598889,0.8261138217593333,81
2025-08-02 19:33:46.816159,801.0,234.8,96.6,0.1409051605877222,0.8454309635263333,83
2025-08-02 19:34:47.823761,801.0,234.8,96.6,0.1425422263782222,0.8552533582693331,84
2025-08-02 19:35:48.813112,801.0,234.8,96.6,0.14417856498538886,0.8650713899123332,85
2025-08-02 19:36:49.808542,801.0,234.8,96.6,0.14581522344588888,0.8748913406753333,86
2025-08-02 19:37:50.805733,800.0,233.0,99.8,0.14750637106694442,0.8850382264016665,87
2025-08-02 19:38:51.813164,800.0,233.0,99.8,0.1491978766373333,0.8951872598239998,88
2025-08-02 19:39:52.819429,800.0,233.0,99.8,0.15088924085211108,0.9053354451126665,89
2025-08-02 19:40:53.813991,800.0,233.0,99.8,0.1525798225517222,0.9154789353103332,90
2025-08-02 19:41:54.809340,800.0,233.0,99.8,0.15427122250044442,0.9256273350026665,91
2025-08-02 19:42:55.808596,800.0,233.0,99.8,0.15596147583033332,0.9357688549819999,92
2025-08-02 19:43:56.808138,800.0,233.0,99.8,0.15765367334738886,0.9459220400843331,93
2025-08-02 19:44:56.811830,800.0,233.0,99.8,0.1593159376841111,0.9558956261046665,94
2025-08-02 19:46:56.813543,800.0,233.0,99.8,0.16264310698238887,0.9758586418943332,96
2025-08-02 19:49:03.805331,800.0,233.0,99.8,0.1661634509626111,0.9969807057756666,98
